id,task_type,theme,poem_type,keywords,prompt,generated_poem,hit_count,total_count,hit_rate,missed_keywords,repetition_rate,repeated_fragments,error
K001,keyword_generation,月夜,五言绝句,"[""明月"", ""故乡"", ""清风""]","[gMASK]<sop><|system|>
你是一名擅长创作中文古典诗词的助手。请严格遵循用户给定的诗体、主题和关键词约束，只输出诗词正文。<|user|>
请围绕主题“月夜”创作一首五言绝句。
要求：诗句中必须包含以下所有词汇：明月、故乡、清风。
注意：每个关键词都必须原样出现在诗词正文中，不要遗漏，不要解释。<|assistant|>",明月照幽人，秋风动客情。空怀故园菊，遥寄一枝盈。,1,3,0.3333333333333333,"[""故乡"", ""清风""]",0.0,{},
K002,keyword_generation,江南,七言绝句,"[""春雨"", ""杨柳"", ""归舟""]","[gMASK]<sop><|system|>
你是一名擅长创作中文古典诗词的助手。请严格遵循用户给定的诗体、主题和关键词约束，只输出诗词正文。<|user|>
请围绕主题“江南”创作一首七言绝句。
要求：诗句中必须包含以下所有词汇：春雨、杨柳、归舟。
注意：每个关键词都必须原样出现在诗词正文中，不要遗漏，不要解释。<|assistant|>",杨花满地春将半，水满平湖夜不流。独有晚风时送笛，归舟吹我到吴州。,1,3,0.3333333333333333,"[""春雨"", ""杨柳""]",0.0,{},
K003,keyword_generation,边塞,五言绝句,"[""黄沙"", ""孤城"", ""战马""]","[gMASK]<sop><|system|>
你是一名擅长创作中文古典诗词的助手。请严格遵循用户给定的诗体、主题和关键词约束，只输出诗词正文。<|user|>
请围绕主题“边塞”创作一首五言绝句。
要求：诗句中必须包含以下所有词汇：黄沙、孤城、战马。
注意：每个关键词都必须原样出现在诗词正文中，不要遗漏，不要解释。<|assistant|>",暮雪千里暗，寒风万里秋。孤城更点外，战马不眠愁。,2,3,0.6666666666666666,"[""黄沙""]",0.0,{},
K004,keyword_generation,田园,七言绝句,"[""青山"", ""流水"", ""白云""]","[gMASK]<sop><|system|>
你是一名擅长创作中文古典诗词的助手。请严格遵循用户给定的诗体、主题和关键词约束，只输出诗词正文。<|user|>
请围绕主题“田园”创作一首七言绝句。
要求：诗句中必须包含以下所有词汇：青山、流水、白云。
注意：每个关键词都必须原样出现在诗词正文中，不要遗漏，不要解释。<|assistant|>",白水东边一片田，绿杨高下种桑棉。古来耕作知多少，流水悠悠不尽年。,1,3,0.3333333333333333,"[""青山"", ""白云""]",0.0,{},
K005,keyword_generation,离别,五言绝句,"[""长亭"", ""落日"", ""故人""]","[gMASK]<sop><|system|>
你是一名擅长创作中文古典诗词的助手。请严格遵循用户给定的诗体、主题和关键词约束，只输出诗词正文。<|user|>
请围绕主题“离别”创作一首五言绝句。
要求：诗句中必须包含以下所有词汇：长亭、落日、故人。
注意：每个关键词都必须原样出现在诗词正文中，不要遗漏，不要解释。<|assistant|>",送君之北去，马瘦衣裳单。独有南来雁，依依宿长亭。,1,3,0.3333333333333333,"[""落日"", ""故人""]",0.0,{},
K006,keyword_generation,春天,七言绝句,"[""春风"", ""花开"", ""燕子""]","[gMASK]<sop><|system|>
你是一名擅长创作中文古典诗词的助手。请严格遵循用户给定的诗体、主题和关键词约束，只输出诗词正文。<|user|>
请围绕主题“春天”创作一首七言绝句。
要求：诗句中必须包含以下所有词汇：春风、花开、燕子。
注意：每个关键词都必须原样出现在诗词正文中，不要遗漏，不要解释。<|assistant|>",风软江头柳絮飞，桃花落处子规啼。日长庭院无公事，闲看蜂儿燕子齐。,1,3,0.3333333333333333,"[""春风"", ""花开""]",0.0,{},
K007,keyword_generation,夏日,五言绝句,"[""荷花"", ""蝉声"", ""绿阴""]","[gMASK]<sop><|system|>
你是一名擅长创作中文古典诗词的助手。请严格遵循用户给定的诗体、主题和关键词约束，只输出诗词正文。<|user|>
请围绕主题“夏日”创作一首五言绝句。
要求：诗句中必须包含以下所有词汇：荷花、蝉声、绿阴。
注意：每个关键词都必须原样出现在诗词正文中，不要遗漏，不要解释。<|assistant|>",绿阴鸣络纬，清露滴阶除。忽有孤舟过，惊飞欲落鱼。,1,3,0.3333333333333333,"[""荷花"", ""蝉声""]",0.0,{},
K008,keyword_generation,秋思,七言绝句,"[""秋风"", ""归雁"", ""寒灯""]","[gMASK]<sop><|system|>
你是一名擅长创作中文古典诗词的助手。请严格遵循用户给定的诗体、主题和关键词约束，只输出诗词正文。<|user|>
请围绕主题“秋思”创作一首七言绝句。
要求：诗句中必须包含以下所有词汇：秋风、归雁、寒灯。
注意：每个关键词都必须原样出现在诗词正文中，不要遗漏，不要解释。<|assistant|>",孤馆无人共一樽，西风吹梦过江村。数声砧杵家何在，斜日寒灯掩泪痕。,1,3,0.3333333333333333,"[""秋风"", ""归雁""]",0.0,{},
K009,keyword_generation,冬雪,五言绝句,"[""白雪"", ""寒梅"", ""孤村""]","[gMASK]<sop><|system|>
你是一名擅长创作中文古典诗词的助手。请严格遵循用户给定的诗体、主题和关键词约束，只输出诗词正文。<|user|>
请围绕主题“冬雪”创作一首五言绝句。
要求：诗句中必须包含以下所有词汇：白雪、寒梅、孤村。
注意：每个关键词都必须原样出现在诗词正文中，不要遗漏，不要解释。<|assistant|>",忽起南风急，寒梅白玉英。小禽枝上立，摇落似孤村。,2,3,0.6666666666666666,"[""白雪""]",0.0,{},
K010,keyword_generation,清明,七言绝句,"[""细雨"", ""行人"", ""杏花""]","[gMASK]<sop><|system|>
你是一名擅长创作中文古典诗词的助手。请严格遵循用户给定的诗体、主题和关键词约束，只输出诗词正文。<|user|>
请围绕主题“清明”创作一首七言绝句。
要求：诗句中必须包含以下所有词汇：细雨、行人、杏花。
注意：每个关键词都必须原样出现在诗词正文中，不要遗漏，不要解释。<|assistant|>",江南处处著梨花，细雨东风日又斜。何处行人肠断处，杏花时节是天涯。,3,3,1.0,[],0.0,{},
K011,keyword_generation,中秋,五言绝句,"[""圆月"", ""桂影"", ""家书""]","[gMASK]<sop><|system|>
你是一名擅长创作中文古典诗词的助手。请严格遵循用户给定的诗体、主题和关键词约束，只输出诗词正文。<|user|>
请围绕主题“中秋”创作一首五言绝句。
要求：诗句中必须包含以下所有词汇：圆月、桂影、家书。
注意：每个关键词都必须原样出现在诗词正文中，不要遗漏，不要解释。<|assistant|>",一岁今如此，一家书未还。更无圆月上，空望碧云间。,2,3,0.6666666666666666,"[""桂影""]",0.0,{},
K012,keyword_generation,新年,七言绝句,"[""爆竹"", ""东风"", ""桃符""]","[gMASK]<sop><|system|>
你是一名擅长创作中文古典诗词的助手。请严格遵循用户给定的诗体、主题和关键词约束，只输出诗词正文。<|user|>
请围绕主题“新年”创作一首七言绝句。
要求：诗句中必须包含以下所有词汇：爆竹、东风、桃符。
注意：每个关键词都必须原样出现在诗词正文中，不要遗漏，不要解释。<|assistant|>",雪消庭户晓光开，爆竹迎新又送催。尽放春风入窗户，等闲桃李为谁开。,1,3,0.3333333333333333,"[""东风"", ""桃符""]",0.0,{},
K013,keyword_generation,山水,五言绝句,"[""青山"", ""碧水"", ""云烟""]","[gMASK]<sop><|system|>
你是一名擅长创作中文古典诗词的助手。请严格遵循用户给定的诗体、主题和关键词约束，只输出诗词正文。<|user|>
请围绕主题“山水”创作一首五言绝句。
要求：诗句中必须包含以下所有词汇：青山、碧水、云烟。
注意：每个关键词都必须原样出现在诗词正文中，不要遗漏，不要解释。<|assistant|>",雨过溪流急，山深春水平。晴岚生树杪，风絮起云烟。,1,3,0.3333333333333333,"[""青山"", ""碧水""]",0.0,{},
K014,keyword_generation,江河,七言绝句,"[""江流"", ""渔火"", ""客船""]","[gMASK]<sop><|system|>
你是一名擅长创作中文古典诗词的助手。请严格遵循用户给定的诗体、主题和关键词约束，只输出诗词正文。<|user|>
请围绕主题“江河”创作一首七言绝句。
要求：诗句中必须包含以下所有词汇：江流、渔火、客船。
注意：每个关键词都必须原样出现在诗词正文中，不要遗漏，不要解释。<|assistant|>",芦花漠漠雁飞回，夜泊孤舟近酒杯。渔父醉眠沙岸月，一声鸣橹过江来。,0,3,0.0,"[""江流"", ""渔火"", ""客船""]",0.0,{},
K015,keyword_generation,大海,五言绝句,"[""沧海"", ""潮声"", ""孤帆""]","[gMASK]<sop><|system|>
你是一名擅长创作中文古典诗词的助手。请严格遵循用户给定的诗体、主题和关键词约束，只输出诗词正文。<|user|>
请围绕主题“大海”创作一首五言绝句。
要求：诗句中必须包含以下所有词汇：沧海、潮声、孤帆。
注意：每个关键词都必须原样出现在诗词正文中，不要遗漏，不要解释。<|assistant|>",沧溟波万里，日夜自东流。直上青天去，应逢海上秋。,0,3,0.0,"[""沧海"", ""潮声"", ""孤帆""]",0.0,{},
K016,keyword_generation,白云,七言绝句,"[""白云"", ""远岫"", ""松声""]","[gMASK]<sop><|system|>
你是一名擅长创作中文古典诗词的助手。请严格遵循用户给定的诗体、主题和关键词约束，只输出诗词正文。<|user|>
请围绕主题“白云”创作一首七言绝句。
要求：诗句中必须包含以下所有词汇：白云、远岫、松声。
注意：每个关键词都必须原样出现在诗词正文中，不要遗漏，不要解释。<|assistant|>",天际孤烟隐见山，松声相接水潺湲。西溪夜雨千重客，尽在楼台缥缈间。,1,3,0.3333333333333333,"[""白云"", ""远岫""]",0.0,{},
K017,keyword_generation,落日,五言绝句,"[""落日"", ""长河"", ""孤烟""]","[gMASK]<sop><|system|>
你是一名擅长创作中文古典诗词的助手。请严格遵循用户给定的诗体、主题和关键词约束，只输出诗词正文。<|user|>
请围绕主题“落日”创作一首五言绝句。
要求：诗句中必须包含以下所有词汇：落日、长河、孤烟。
注意：每个关键词都必须原样出现在诗词正文中，不要遗漏，不要解释。<|assistant|>",独上西城眺，苍茫极望中。落日孤烟外，寒雁下长河。,3,3,1.0,[],0.0,{},
K018,keyword_generation,晚霞,七言绝句,"[""晚霞"", ""飞鸟"", ""归林""]","[gMASK]<sop><|system|>
你是一名擅长创作中文古典诗词的助手。请严格遵循用户给定的诗体、主题和关键词约束，只输出诗词正文。<|user|>
请围绕主题“晚霞”创作一首七言绝句。
要求：诗句中必须包含以下所有词汇：晚霞、飞鸟、归林。
注意：每个关键词都必须原样出现在诗词正文中，不要遗漏，不要解释。<|assistant|>",归林飞鸟已相呼，山际人家未掩扉。尽道斜阳无限好，可人何处不关愁。,2,3,0.6666666666666666,"[""晚霞""]",0.0,{},
K019,keyword_generation,青山,五言绝句,"[""青山"", ""古道"", ""松风""]","[gMASK]<sop><|system|>
你是一名擅长创作中文古典诗词的助手。请严格遵循用户给定的诗体、主题和关键词约束，只输出诗词正文。<|user|>
请围绕主题“青山”创作一首五言绝句。
要求：诗句中必须包含以下所有词汇：青山、古道、松风。
注意：每个关键词都必须原样出现在诗词正文中，不要遗漏，不要解释。<|assistant|>",古寺倚青壁，山空花落迟。竹间清磬断，云外碧峰移。,0,3,0.0,"[""青山"", ""古道"", ""松风""]",0.0,{},
K020,keyword_generation,流水,七言绝句,"[""流水"", ""小桥"", ""人家""]","[gMASK]<sop><|system|>
你是一名擅长创作中文古典诗词的助手。请严格遵循用户给定的诗体、主题和关键词约束，只输出诗词正文。<|user|>
请围绕主题“流水”创作一首七言绝句。
要求：诗句中必须包含以下所有词汇：流水、小桥、人家。
注意：每个关键词都必须原样出现在诗词正文中，不要遗漏，不要解释。<|assistant|>",小桥通径入桑麻，流水桥西是几家。试问老翁年几许，桃花落尽又梅花。,2,3,0.6666666666666666,"[""人家""]",0.0,{},
K021,keyword_generation,花开,五言绝句,"[""桃花"", ""春水"", ""东风""]","[gMASK]<sop><|system|>
你是一名擅长创作中文古典诗词的助手。请严格遵循用户给定的诗体、主题和关键词约束，只输出诗词正文。<|user|>
请围绕主题“花开”创作一首五言绝句。
要求：诗句中必须包含以下所有词汇：桃花、春水、东风。
注意：每个关键词都必须原样出现在诗词正文中，不要遗漏，不要解释。<|assistant|>",柳暗梨花暮，鶑啼竹外春。水边人独立，山郭昼门新。,0,3,0.0,"[""桃花"", ""春水"", ""东风""]",0.0,{},
K022,keyword_generation,落花,七言绝句,"[""落花"", ""流水"", ""残香""]","[gMASK]<sop><|system|>
你是一名擅长创作中文古典诗词的助手。请严格遵循用户给定的诗体、主题和关键词约束，只输出诗词正文。<|user|>
请围绕主题“落花”创作一首七言绝句。
要求：诗句中必须包含以下所有词汇：落花、流水、残香。
注意：每个关键词都必须原样出现在诗词正文中，不要遗漏，不要解释。<|assistant|>",落花流水两无情，付与东风莫作声。惟有尊前旧宾主，不将心事逐春生。,2,3,0.6666666666666666,"[""残香""]",0.0,{},
K023,keyword_generation,杨柳,五言绝句,"[""杨柳"", ""春烟"", ""离亭""]","[gMASK]<sop><|system|>
你是一名擅长创作中文古典诗词的助手。请严格遵循用户给定的诗体、主题和关键词约束，只输出诗词正文。<|user|>
请围绕主题“杨柳”创作一首五言绝句。
要求：诗句中必须包含以下所有词汇：杨柳、春烟、离亭。
注意：每个关键词都必须原样出现在诗词正文中，不要遗漏，不要解释。<|assistant|>",江城杨柳暮，送客思悠悠。攀折难胜情，更复灞陵秋。,1,3,0.3333333333333333,"[""春烟"", ""离亭""]",0.0,{},
K024,keyword_generation,孤舟,七言绝句,"[""孤舟"", ""夜泊"", ""江月""]","[gMASK]<sop><|system|>
你是一名擅长创作中文古典诗词的助手。请严格遵循用户给定的诗体、主题和关键词约束，只输出诗词正文。<|user|>
请围绕主题“孤舟”创作一首七言绝句。
要求：诗句中必须包含以下所有词汇：孤舟、夜泊、江月。
注意：每个关键词都必须原样出现在诗词正文中，不要遗漏，不要解释。<|assistant|>",烟水茫茫暮色昏，乱鸦斜日两三村。一声横笛芦花外，惊起沙汀宿雁群。,0,3,0.0,"[""孤舟"", ""夜泊"", ""江月""]",0.0,{},
K025,keyword_generation,飞鸟,五言绝句,"[""飞鸟"", ""长空"", ""夕阳""]","[gMASK]<sop><|system|>
你是一名擅长创作中文古典诗词的助手。请严格遵循用户给定的诗体、主题和关键词约束，只输出诗词正文。<|user|>
请围绕主题“飞鸟”创作一首五言绝句。
要求：诗句中必须包含以下所有词汇：飞鸟、长空、夕阳。
注意：每个关键词都必须原样出现在诗词正文中，不要遗漏，不要解释。<|assistant|>",野旷天高远，山空秋欲深。夕阳何太急，飞鸟倦知还。,2,3,0.6666666666666666,"[""长空""]",0.0,{},
K026,keyword_generation,寒梅,七言绝句,"[""寒梅"", ""疏影"", ""雪月""]","[gMASK]<sop><|system|>
你是一名擅长创作中文古典诗词的助手。请严格遵循用户给定的诗体、主题和关键词约束，只输出诗词正文。<|user|>
请围绕主题“寒梅”创作一首七言绝句。
要求：诗句中必须包含以下所有词汇：寒梅、疏影、雪月。
注意：每个关键词都必须原样出现在诗词正文中，不要遗漏，不要解释。<|assistant|>",霜月冷侵疏影里，清气欲敌群芳粲。天教香与色俱高，为爱孤标不肯凡。,1,3,0.3333333333333333,"[""寒梅"", ""雪月""]",0.0,{},
K027,keyword_generation,竹林,五言绝句,"[""修竹"", ""清泉"", ""幽径""]","[gMASK]<sop><|system|>
你是一名擅长创作中文古典诗词的助手。请严格遵循用户给定的诗体、主题和关键词约束，只输出诗词正文。<|user|>
请围绕主题“竹林”创作一首五言绝句。
要求：诗句中必须包含以下所有词汇：修竹、清泉、幽径。
注意：每个关键词都必须原样出现在诗词正文中，不要遗漏，不要解释。<|assistant|>",修竹入人家，清泉出深谷。静对千嶂秋，身寄一瓢足。,2,3,0.6666666666666666,"[""幽径""]",0.0,{},
K028,keyword_generation,松柏,七言绝句,"[""松柏"", ""石径"", ""寒云""]","[gMASK]<sop><|system|>
你是一名擅长创作中文古典诗词的助手。请严格遵循用户给定的诗体、主题和关键词约束，只输出诗词正文。<|user|>
请围绕主题“松柏”创作一首七言绝句。
要求：诗句中必须包含以下所有词汇：松柏、石径、寒云。
注意：每个关键词都必须原样出现在诗词正文中，不要遗漏，不要解释。<|assistant|>",古寺无人到者稀，山空树老少人知。林深松柏寒云合，路转溪山石径危。,3,3,1.0,[],0.0,{},
K029,keyword_generation,荷花,五言绝句,"[""荷花"", ""清露"", ""画船""]","[gMASK]<sop><|system|>
你是一名擅长创作中文古典诗词的助手。请严格遵循用户给定的诗体、主题和关键词约束，只输出诗词正文。<|user|>
请围绕主题“荷花”创作一首五言绝句。
要求：诗句中必须包含以下所有词汇：荷花、清露、画船。
注意：每个关键词都必须原样出现在诗词正文中，不要遗漏，不要解释。<|assistant|>",凉风夜飕飗，圆月白如昼。谁家画船上，双桨唱杨柳。,1,3,0.3333333333333333,"[""荷花"", ""清露""]",0.0,{},
K030,keyword_generation,枫叶,七言绝句,"[""枫叶"", ""秋水"", ""寒山""]","[gMASK]<sop><|system|>
你是一名擅长创作中文古典诗词的助手。请严格遵循用户给定的诗体、主题和关键词约束，只输出诗词正文。<|user|>
请围绕主题“枫叶”创作一首七言绝句。
要求：诗句中必须包含以下所有词汇：枫叶、秋水、寒山。
注意：每个关键词都必须原样出现在诗词正文中，不要遗漏，不要解释。<|assistant|>",夜雨生寒山寺空，晓霜染紫野园红。不缘风劲惊衰鬓，争奈江流秋水中。,2,3,0.6666666666666666,"[""枫叶""]",0.0,{},
K031,keyword_generation,思乡,五言绝句,"[""故乡"", ""明月"", ""归梦""]","[gMASK]<sop><|system|>
你是一名擅长创作中文古典诗词的助手。请严格遵循用户给定的诗体、主题和关键词约束，只输出诗词正文。<|user|>
请围绕主题“思乡”创作一首五言绝句。
要求：诗句中必须包含以下所有词汇：故乡、明月、归梦。
注意：每个关键词都必须原样出现在诗词正文中，不要遗漏，不要解释。<|assistant|>",久客思归梦，长天雁阵斜。不知衡岳路，先到洞庭家。,1,3,0.3333333333333333,"[""故乡"", ""明月""]",0.0,{},
K032,keyword_generation,相思,七言绝句,"[""红豆"", ""春山"", ""锦书""]","[gMASK]<sop><|system|>
你是一名擅长创作中文古典诗词的助手。请严格遵循用户给定的诗体、主题和关键词约束，只输出诗词正文。<|user|>
请围绕主题“相思”创作一首七言绝句。
要求：诗句中必须包含以下所有词汇：红豆、春山、锦书。
注意：每个关键词都必须原样出现在诗词正文中，不要遗漏，不要解释。<|assistant|>",风前欲寄锦书去，无奈春山隔几重。若遣碧云能见字，相思不必问归鸿。,2,3,0.6666666666666666,"[""红豆""]",0.0,{},
K033,keyword_generation,孤独,五言绝句,"[""孤灯"", ""夜雨"", ""空庭""]","[gMASK]<sop><|system|>
你是一名擅长创作中文古典诗词的助手。请严格遵循用户给定的诗体、主题和关键词约束，只输出诗词正文。<|user|>
请围绕主题“孤独”创作一首五言绝句。
要求：诗句中必须包含以下所有词汇：孤灯、夜雨、空庭。
注意：每个关键词都必须原样出现在诗词正文中，不要遗漏，不要解释。<|assistant|>",万籁不鸣处，独坐虚堂暮。明月照空庭，人如风前烛。,1,3,0.3333333333333333,"[""孤灯"", ""夜雨""]",0.0,{},
K034,keyword_generation,怀古,七言绝句,"[""古台"", ""残碑"", ""夕照""]","[gMASK]<sop><|system|>
你是一名擅长创作中文古典诗词的助手。请严格遵循用户给定的诗体、主题和关键词约束，只输出诗词正文。<|user|>
请围绕主题“怀古”创作一首七言绝句。
要求：诗句中必须包含以下所有词汇：古台、残碑、夕照。
注意：每个关键词都必须原样出现在诗词正文中，不要遗漏，不要解释。<|assistant|>",千古兴亡几废台，长淮风月自崔嵬。年年柳下闻鸡犬，不似当年人事哀。,0,3,0.0,"[""古台"", ""残碑"", ""夕照""]",0.0,{},
K035,keyword_generation,忧愁,五言绝句,"[""寒灯"", ""秋雨"", ""长夜""]","[gMASK]<sop><|system|>
你是一名擅长创作中文古典诗词的助手。请严格遵循用户给定的诗体、主题和关键词约束，只输出诗词正文。<|user|>
请围绕主题“忧愁”创作一首五言绝句。
要求：诗句中必须包含以下所有词汇：寒灯、秋雨、长夜。
注意：每个关键词都必须原样出现在诗词正文中，不要遗漏，不要解释。<|assistant|>",风雨摧枯兰，孤云飞不还。空余长夜梦，魂梦落家山。,1,3,0.3333333333333333,"[""寒灯"", ""秋雨""]",0.0,{},
K036,keyword_generation,喜悦,七言绝句,"[""春风"", ""新燕"", ""晴光""]","[gMASK]<sop><|system|>
你是一名擅长创作中文古典诗词的助手。请严格遵循用户给定的诗体、主题和关键词约束，只输出诗词正文。<|user|>
请围绕主题“喜悦”创作一首七言绝句。
要求：诗句中必须包含以下所有词汇：春风、新燕、晴光。
注意：每个关键词都必须原样出现在诗词正文中，不要遗漏，不要解释。<|assistant|>",喜见新燕入帘飞，一室晴光万虑非。春去也教人寂寞，海棠花落杏花稀。,2,3,0.6666666666666666,"[""春风""]",0.0,{},
K037,keyword_generation,闲适,五言绝句,"[""柴门"", ""白云"", ""清茶""]","[gMASK]<sop><|system|>
你是一名擅长创作中文古典诗词的助手。请严格遵循用户给定的诗体、主题和关键词约束，只输出诗词正文。<|user|>
请围绕主题“闲适”创作一首五言绝句。
要求：诗句中必须包含以下所有词汇：柴门、白云、清茶。
注意：每个关键词都必须原样出现在诗词正文中，不要遗漏，不要解释。<|assistant|>",雨过秋来早，清风一榻凉。山翁何所事，睡起自烧香。,0,3,0.0,"[""柴门"", ""白云"", ""清茶""]",0.0,{},
K038,keyword_generation,感怀,七言绝句,"[""浮生"", ""旧梦"", ""斜阳""]","[gMASK]<sop><|system|>
你是一名擅长创作中文古典诗词的助手。请严格遵循用户给定的诗体、主题和关键词约束，只输出诗词正文。<|user|>
请围绕主题“感怀”创作一首七言绝句。
要求：诗句中必须包含以下所有词汇：浮生、旧梦、斜阳。
注意：每个关键词都必须原样出现在诗词正文中，不要遗漏，不要解释。<|assistant|>",山空水远树离披，落日楼头一雁飞。千古兴亡多少事，凄凉无处觅斜阳。,1,3,0.3333333333333333,"[""浮生"", ""旧梦""]",0.0,{},
K039,keyword_generation,伤春,五言绝句,"[""落花"", ""杜鹃"", ""春尽""]","[gMASK]<sop><|system|>
你是一名擅长创作中文古典诗词的助手。请严格遵循用户给定的诗体、主题和关键词约束，只输出诗词正文。<|user|>
请围绕主题“伤春”创作一首五言绝句。
要求：诗句中必须包含以下所有词汇：落花、杜鹃、春尽。
注意：每个关键词都必须原样出现在诗词正文中，不要遗漏，不要解释。<|assistant|>",山外杜鹃啼，杜鹃啼夜深。落花人独立，微雨燕初沉。,2,3,0.6666666666666666,"[""春尽""]",0.10526315789473684,"{""杜鹃"": 2, ""鹃啼"": 2}",
K040,keyword_generation,人生,七言绝句,"[""浮云"", ""沧海"", ""归舟""]","[gMASK]<sop><|system|>
你是一名擅长创作中文古典诗词的助手。请严格遵循用户给定的诗体、主题和关键词约束，只输出诗词正文。<|user|>
请围绕主题“人生”创作一首七言绝句。
要求：诗句中必须包含以下所有词汇：浮云、沧海、归舟。
注意：每个关键词都必须原样出现在诗词正文中，不要遗漏，不要解释。<|assistant|>",人生莫作三杯语，世事休谈五字经。欲得浮云心上坐，须还沧海眼前平。,2,3,0.6666666666666666,"[""归舟""]",0.0,{},
K041,keyword_generation,时光,五言绝句,"[""流年"", ""残照"", ""旧尘""]","[gMASK]<sop><|system|>
你是一名擅长创作中文古典诗词的助手。请严格遵循用户给定的诗体、主题和关键词约束，只输出诗词正文。<|user|>
请围绕主题“时光”创作一首五言绝句。
要求：诗句中必须包含以下所有词汇：流年、残照、旧尘。
注意：每个关键词都必须原样出现在诗词正文中，不要遗漏，不要解释。<|assistant|>",流水年年别，流年日日新。残花无好色，老树有遗薪。,1,3,0.3333333333333333,"[""残照"", ""旧尘""]",0.0,{},
K042,keyword_generation,梦想,七言绝句,"[""长风"", ""远路"", ""星河""]","[gMASK]<sop><|system|>
你是一名擅长创作中文古典诗词的助手。请严格遵循用户给定的诗体、主题和关键词约束，只输出诗词正文。<|user|>
请围绕主题“梦想”创作一首七言绝句。
要求：诗句中必须包含以下所有词汇：长风、远路、星河。
注意：每个关键词都必须原样出现在诗词正文中，不要遗漏，不要解释。<|assistant|>",梦魂飞到月轮边，万里波心白似天。半夜长风吹客枕，一声遥答两三僊。,1,3,0.3333333333333333,"[""远路"", ""星河""]",0.0,{},
K043,keyword_generation,远方,五言绝句,"[""关山"", ""孤雁"", ""长亭""]","[gMASK]<sop><|system|>
你是一名擅长创作中文古典诗词的助手。请严格遵循用户给定的诗体、主题和关键词约束，只输出诗词正文。<|user|>
请围绕主题“远方”创作一首五言绝句。
要求：诗句中必须包含以下所有词汇：关山、孤雁、长亭。
注意：每个关键词都必须原样出现在诗词正文中，不要遗漏，不要解释。<|assistant|>",远行游子意，春色满长安。日暮西风起，谁人倚长亭。,1,3,0.3333333333333333,"[""关山"", ""孤雁""]",0.0,{},
K044,keyword_generation,归隐,七言绝句,"[""柴扉"", ""松月"", ""渔樵""]","[gMASK]<sop><|system|>
你是一名擅长创作中文古典诗词的助手。请严格遵循用户给定的诗体、主题和关键词约束，只输出诗词正文。<|user|>
请围绕主题“归隐”创作一首七言绝句。
要求：诗句中必须包含以下所有词汇：柴扉、松月、渔樵。
注意：每个关键词都必须原样出现在诗词正文中，不要遗漏，不要解释。<|assistant|>",钓罢归来小径深，溪云漠漠没遥岑。寒鸦数点横空碧，祇有渔樵知此心。,1,3,0.3333333333333333,"[""柴扉"", ""松月""]",0.0,{},
K045,keyword_generation,漂泊,五言绝句,"[""孤帆"", ""客路"", ""风尘""]","[gMASK]<sop><|system|>
你是一名擅长创作中文古典诗词的助手。请严格遵循用户给定的诗体、主题和关键词约束，只输出诗词正文。<|user|>
请围绕主题“漂泊”创作一首五言绝句。
要求：诗句中必须包含以下所有词汇：孤帆、客路、风尘。
注意：每个关键词都必须原样出现在诗词正文中，不要遗漏，不要解释。<|assistant|>",浮世随孤帆，飘然寄烟浪。岂无平陆心，风尘满客路。,3,3,1.0,[],0.0,{},
K046,keyword_generation,壮志,七言绝句,"[""长剑"", ""关河"", ""凌云""]","[gMASK]<sop><|system|>
你是一名擅长创作中文古典诗词的助手。请严格遵循用户给定的诗体、主题和关键词约束，只输出诗词正文。<|user|>
请围绕主题“壮志”创作一首七言绝句。
要求：诗句中必须包含以下所有词汇：长剑、关河、凌云。
注意：每个关键词都必须原样出现在诗词正文中，不要遗漏，不要解释。<|assistant|>",一寸精诚贯白虹，中原风物在胸中。欲驱长剑平戎虏，须驾凌云万里风。,2,3,0.6666666666666666,"[""关河""]",0.0,{},
K047,keyword_generation,知己,五言绝句,"[""美酒"", ""高山"", ""流水""]","[gMASK]<sop><|system|>
你是一名擅长创作中文古典诗词的助手。请严格遵循用户给定的诗体、主题和关键词约束，只输出诗词正文。<|user|>
请围绕主题“知己”创作一首五言绝句。
要求：诗句中必须包含以下所有词汇：美酒、高山、流水。
注意：每个关键词都必须原样出现在诗词正文中，不要遗漏，不要解释。<|assistant|>",人生有七义，所贵交在深。流水何太急，高山不可寻。,2,3,0.6666666666666666,"[""美酒""]",0.0,{},
K048,keyword_generation,故人,七言绝句,"[""故人"", ""酒盏"", ""西窗""]","[gMASK]<sop><|system|>
你是一名擅长创作中文古典诗词的助手。请严格遵循用户给定的诗体、主题和关键词约束，只输出诗词正文。<|user|>
请围绕主题“故人”创作一首七言绝句。
要求：诗句中必须包含以下所有词汇：故人、酒盏、西窗。
注意：每个关键词都必须原样出现在诗词正文中，不要遗漏，不要解释。<|assistant|>",一纸平安报我归，西窗雨过杏花稀。故人相去三千里，共把杯盘看落晖。,2,3,0.6666666666666666,"[""酒盏""]",0.0,{},
K049,keyword_generation,岁月,五言绝句,"[""青丝"", ""白发"", ""流光""]","[gMASK]<sop><|system|>
你是一名擅长创作中文古典诗词的助手。请严格遵循用户给定的诗体、主题和关键词约束，只输出诗词正文。<|user|>
请围绕主题“岁月”创作一首五言绝句。
要求：诗句中必须包含以下所有词汇：青丝、白发、流光。
注意：每个关键词都必须原样出现在诗词正文中，不要遗漏，不要解释。<|assistant|>",白发老垂领，青丝新络头。流光若驰骤，未可缓吾旒。,3,3,1.0,[],0.0,{},
K050,keyword_generation,边塞,七言绝句,"[""关山"", ""胡笳"", ""铁衣""]","[gMASK]<sop><|system|>
你是一名擅长创作中文古典诗词的助手。请严格遵循用户给定的诗体、主题和关键词约束，只输出诗词正文。<|user|>
请围绕主题“边塞”创作一首七言绝句。
要求：诗句中必须包含以下所有词汇：关山、胡笳、铁衣。
注意：每个关键词都必须原样出现在诗词正文中，不要遗漏，不要解释。<|assistant|>",塞草萋萋飞雁回，胡笳呜咽吹关山。征人远戍知无计，愿得将军细柳还。,2,3,0.6666666666666666,"[""铁衣""]",0.0,{},
K051,keyword_generation,田园,五言绝句,"[""桑麻"", ""鸡犬"", ""夕烟""]","[gMASK]<sop><|system|>
你是一名擅长创作中文古典诗词的助手。请严格遵循用户给定的诗体、主题和关键词约束，只输出诗词正文。<|user|>
请围绕主题“田园”创作一首五言绝句。
要求：诗句中必须包含以下所有词汇：桑麻、鸡犬、夕烟。
注意：每个关键词都必须原样出现在诗词正文中，不要遗漏，不要解释。<|assistant|>",牛羊下树阴，鸡犬入村墟。晚色连荒岸，寒云度远山。,1,3,0.3333333333333333,"[""桑麻"", ""夕烟""]",0.0,{},
K052,keyword_generation,江南,七言绝句,"[""烟雨"", ""小桥"", ""画舫""]","[gMASK]<sop><|system|>
你是一名擅长创作中文古典诗词的助手。请严格遵循用户给定的诗体、主题和关键词约束，只输出诗词正文。<|user|>
请围绕主题“江南”创作一首七言绝句。
要求：诗句中必须包含以下所有词汇：烟雨、小桥、画舫。
注意：每个关键词都必须原样出现在诗词正文中，不要遗漏，不要解释。<|assistant|>",春江渺渺一帆风，画舫轻飞似浪鸿。尽日看山成底事，落花时节雨蒙蒙。,1,3,0.3333333333333333,"[""烟雨"", ""小桥""]",0.0,{},
K053,keyword_generation,长安,五言绝句,"[""长安"", ""宫阙"", ""春灯""]","[gMASK]<sop><|system|>
你是一名擅长创作中文古典诗词的助手。请严格遵循用户给定的诗体、主题和关键词约束，只输出诗词正文。<|user|>
请围绕主题“长安”创作一首五言绝句。
要求：诗句中必须包含以下所有词汇：长安、宫阙、春灯。
注意：每个关键词都必须原样出现在诗词正文中，不要遗漏，不要解释。<|assistant|>",帝城宫殿夜，宫阙晓光寒。独有千门月，残星向未阑。,1,3,0.3333333333333333,"[""长安"", ""春灯""]",0.0,{},
K054,keyword_generation,古寺,七言绝句,"[""古寺"", ""钟声"", ""松月""]","[gMASK]<sop><|system|>
你是一名擅长创作中文古典诗词的助手。请严格遵循用户给定的诗体、主题和关键词约束，只输出诗词正文。<|user|>
请围绕主题“古寺”创作一首七言绝句。
要求：诗句中必须包含以下所有词汇：古寺、钟声、松月。
注意：每个关键词都必须原样出现在诗词正文中，不要遗漏，不要解释。<|assistant|>",古寺孤村白昼扃，雨昏寒日转钟声。空阶落叶无人扫，一片西风动远情。,2,3,0.6666666666666666,"[""松月""]",0.0,{},
K055,keyword_generation,夜雨,五言绝句,"[""夜雨"", ""寒窗"", ""孤灯""]","[gMASK]<sop><|system|>
你是一名擅长创作中文古典诗词的助手。请严格遵循用户给定的诗体、主题和关键词约束，只输出诗词正文。<|user|>
请围绕主题“夜雨”创作一首五言绝句。
要求：诗句中必须包含以下所有词汇：夜雨、寒窗、孤灯。
注意：每个关键词都必须原样出现在诗词正文中，不要遗漏，不要解释。<|assistant|>",风急雁初下，江空人未眠。孤灯照愁寂，夜雨滴凄然。,2,3,0.6666666666666666,"[""寒窗""]",0.0,{},
K056,keyword_generation,客栈,七言绝句,"[""客栈"", ""青灯"", ""远客""]","[gMASK]<sop><|system|>
你是一名擅长创作中文古典诗词的助手。请严格遵循用户给定的诗体、主题和关键词约束，只输出诗词正文。<|user|>
请围绕主题“客栈”创作一首七言绝句。
要求：诗句中必须包含以下所有词汇：客栈、青灯、远客。
注意：每个关键词都必须原样出现在诗词正文中，不要遗漏，不要解释。<|assistant|>",青灯孤馆竹窗风，又见西风吹晚虫。万里归期君莫问，此身元自寄南胸。,1,3,0.3333333333333333,"[""客栈"", ""远客""]",0.0,{},
K057,keyword_generation,渡口,五言绝句,"[""渡口"", ""潮声"", ""归帆""]","[gMASK]<sop><|system|>
你是一名擅长创作中文古典诗词的助手。请严格遵循用户给定的诗体、主题和关键词约束，只输出诗词正文。<|user|>
请围绕主题“渡口”创作一首五言绝句。
要求：诗句中必须包含以下所有词汇：渡口、潮声、归帆。
注意：每个关键词都必须原样出现在诗词正文中，不要遗漏，不要解释。<|assistant|>",江上晚潮生，潮声逐浪鸣。行人起遥念，渔父笑相迎。,1,3,0.3333333333333333,"[""渡口"", ""归帆""]",0.0,{},
K058,keyword_generation,山村,七言绝句,"[""山村"", ""柴门"", ""犬吠""]","[gMASK]<sop><|system|>
你是一名擅长创作中文古典诗词的助手。请严格遵循用户给定的诗体、主题和关键词约束，只输出诗词正文。<|user|>
请围绕主题“山村”创作一首七言绝句。
要求：诗句中必须包含以下所有词汇：山村、柴门、犬吠。
注意：每个关键词都必须原样出现在诗词正文中，不要遗漏，不要解释。<|assistant|>",小筑山村野趣多，雨余风日转清和。柴门半掩无人到，篱落初黄见薜萝。,2,3,0.6666666666666666,"[""犬吠""]",0.0,{},
K059,keyword_generation,渔家,五言绝句,"[""渔火"", ""蓑衣"", ""晚潮""]","[gMASK]<sop><|system|>
你是一名擅长创作中文古典诗词的助手。请严格遵循用户给定的诗体、主题和关键词约束，只输出诗词正文。<|user|>
请围绕主题“渔家”创作一首五言绝句。
要求：诗句中必须包含以下所有词汇：渔火、蓑衣、晚潮。
注意：每个关键词都必须原样出现在诗词正文中，不要遗漏，不要解释。<|assistant|>",寒食家家出，舟航处处回。晚潮风浪急，春事已蒿莱。,1,3,0.3333333333333333,"[""渔火"", ""蓑衣""]",0.0,{},
K060,keyword_generation,美酒,七言绝句,"[""美酒"", ""金樽"", ""月色""]","[gMASK]<sop><|system|>
你是一名擅长创作中文古典诗词的助手。请严格遵循用户给定的诗体、主题和关键词约束，只输出诗词正文。<|user|>
请围绕主题“美酒”创作一首七言绝句。
要求：诗句中必须包含以下所有词汇：美酒、金樽、月色。
注意：每个关键词都必须原样出现在诗词正文中，不要遗漏，不要解释。<|assistant|>",千峰顶上挂孤轮，月在金樽醉始分。若道云深山更远，不妨依旧到柴门。,1,3,0.3333333333333333,"[""美酒"", ""月色""]",0.0,{},
K061,keyword_generation,琴声,五言绝句,"[""琴声"", ""竹影"", ""清夜""]","[gMASK]<sop><|system|>
你是一名擅长创作中文古典诗词的助手。请严格遵循用户给定的诗体、主题和关键词约束，只输出诗词正文。<|user|>
请围绕主题“琴声”创作一首五言绝句。
要求：诗句中必须包含以下所有词汇：琴声、竹影、清夜。
注意：每个关键词都必须原样出现在诗词正文中，不要遗漏，不要解释。<|assistant|>",曲沼开方沼，修篁种小林。独能琴与酒，清夜对幽心。,1,3,0.3333333333333333,"[""琴声"", ""竹影""]",0.0,{},
K062,keyword_generation,书卷,七言绝句,"[""书卷"", ""灯火"", ""寒窗""]","[gMASK]<sop><|system|>
你是一名擅长创作中文古典诗词的助手。请严格遵循用户给定的诗体、主题和关键词约束，只输出诗词正文。<|user|>
请围绕主题“书卷”创作一首七言绝句。
要求：诗句中必须包含以下所有词汇：书卷、灯火、寒窗。
注意：每个关键词都必须原样出现在诗词正文中，不要遗漏，不要解释。<|assistant|>",山前野水涨方田，古屋苍苔掩断编。寂寞寒窗无伴侣，夜深灯火共荧然。,2,3,0.6666666666666666,"[""书卷""]",0.0,{},
K063,keyword_generation,灯火,五言绝句,"[""灯火"", ""夜市"", ""归人""]","[gMASK]<sop><|system|>
你是一名擅长创作中文古典诗词的助手。请严格遵循用户给定的诗体、主题和关键词约束，只输出诗词正文。<|user|>
请围绕主题“灯火”创作一首五言绝句。
要求：诗句中必须包含以下所有词汇：灯火、夜市、归人。
注意：每个关键词都必须原样出现在诗词正文中，不要遗漏，不要解释。<|assistant|>",月暗犹藏树，星明欲伴船。归人眠渡口，寒雁下沙滩。,1,3,0.3333333333333333,"[""灯火"", ""夜市""]",0.0,{},
K064,keyword_generation,诗酒,七言绝句,"[""诗酒"", ""江月"", ""青衫""]","[gMASK]<sop><|system|>
你是一名擅长创作中文古典诗词的助手。请严格遵循用户给定的诗体、主题和关键词约束，只输出诗词正文。<|user|>
请围绕主题“诗酒”创作一首七言绝句。
要求：诗句中必须包含以下所有词汇：诗酒、江月、青衫。
注意：每个关键词都必须原样出现在诗词正文中，不要遗漏，不要解释。<|assistant|>",江雨蒙蒙春草长，青衫如旧柳花黄。长安旧友半成土，谁与清尊对夕阳。,1,3,0.3333333333333333,"[""诗酒"", ""江月""]",0.0,{},
K065,keyword_generation,征人,五言绝句,"[""征人"", ""关月"", ""寒衣""]","[gMASK]<sop><|system|>
你是一名擅长创作中文古典诗词的助手。请严格遵循用户给定的诗体、主题和关键词约束，只输出诗词正文。<|user|>
请围绕主题“征人”创作一首五言绝句。
要求：诗句中必须包含以下所有词汇：征人、关月、寒衣。
注意：每个关键词都必须原样出现在诗词正文中，不要遗漏，不要解释。<|assistant|>",更戍三声苦，征人万里归。雪中逢虏语，应说朔方非。,1,3,0.3333333333333333,"[""关月"", ""寒衣""]",0.0,{},
K066,keyword_generation,游子,七言绝句,"[""游子"", ""乡书"", ""客梦""]","[gMASK]<sop><|system|>
你是一名擅长创作中文古典诗词的助手。请严格遵循用户给定的诗体、主题和关键词约束，只输出诗词正文。<|user|>
请围绕主题“游子”创作一首七言绝句。
要求：诗句中必须包含以下所有词汇：游子、乡书、客梦。
注意：每个关键词都必须原样出现在诗词正文中，不要遗漏，不要解释。<|assistant|>",月下寻春不见花，空劳行客梦思家。凭高望断千山隔，目极天边雁足斜。,1,3,0.3333333333333333,"[""游子"", ""乡书""]",0.0,{},
K067,keyword_generation,故乡,五言绝句,"[""故乡"", ""桑梓"", ""归云""]","[gMASK]<sop><|system|>
你是一名擅长创作中文古典诗词的助手。请严格遵循用户给定的诗体、主题和关键词约束，只输出诗词正文。<|user|>
请围绕主题“故乡”创作一首五言绝句。
要求：诗句中必须包含以下所有词汇：故乡、桑梓、归云。
注意：每个关键词都必须原样出现在诗词正文中，不要遗漏，不要解释。<|assistant|>",春到东风急，归云无定心。明朝过故里，桑梓绿成阴。,2,3,0.6666666666666666,"[""故乡""]",0.0,{},
K068,keyword_generation,关山,七言绝句,"[""关山"", ""塞月"", ""边风""]","[gMASK]<sop><|system|>
你是一名擅长创作中文古典诗词的助手。请严格遵循用户给定的诗体、主题和关键词约束，只输出诗词正文。<|user|>
请围绕主题“关山”创作一首七言绝句。
要求：诗句中必须包含以下所有词汇：关山、塞月、边风。
注意：每个关键词都必须原样出现在诗词正文中，不要遗漏，不要解释。<|assistant|>",万里关山楚水东，乱云如髪不成丛。梅花吹尽江南雪，一笛胡笳出塞风。,1,3,0.3333333333333333,"[""塞月"", ""边风""]",0.0,{},
K069,keyword_generation,楼台,五言绝句,"[""楼台"", ""烟柳"", ""斜阳""]","[gMASK]<sop><|system|>
你是一名擅长创作中文古典诗词的助手。请严格遵循用户给定的诗体、主题和关键词约束，只输出诗词正文。<|user|>
请围绕主题“楼台”创作一首五言绝句。
要求：诗句中必须包含以下所有词汇：楼台、烟柳、斜阳。
注意：每个关键词都必须原样出现在诗词正文中，不要遗漏，不要解释。<|assistant|>",雨过山容瘦，溪生水脉通。楼台无处认，惟有远峰红。,1,3,0.3333333333333333,"[""烟柳"", ""斜阳""]",0.0,{},
K070,keyword_generation,晨景,七言绝句,"[""朝霞"", ""晓钟"", ""新露""]","[gMASK]<sop><|system|>
你是一名擅长创作中文古典诗词的助手。请严格遵循用户给定的诗体、主题和关键词约束，只输出诗词正文。<|user|>
请围绕主题“晨景”创作一首七言绝句。
要求：诗句中必须包含以下所有词汇：朝霞、晓钟、新露。
注意：每个关键词都必须原样出现在诗词正文中，不要遗漏，不要解释。<|assistant|>",独坐高城望不极，山川秋色遍天涯。朝霞映树寒犹绿，新月临云静自斜。,1,3,0.3333333333333333,"[""晓钟"", ""新露""]",0.0,{},
K071,keyword_generation,暮景,五言绝句,"[""暮云"", ""归鸟"", ""晚钟""]","[gMASK]<sop><|system|>
你是一名擅长创作中文古典诗词的助手。请严格遵循用户给定的诗体、主题和关键词约束，只输出诗词正文。<|user|>
请围绕主题“暮景”创作一首五言绝句。
要求：诗句中必须包含以下所有词汇：暮云、归鸟、晚钟。
注意：每个关键词都必须原样出现在诗词正文中，不要遗漏，不要解释。<|assistant|>",江上双林寺，楼台出翠微。晓行闻早鹿，晚景见寒衣。,0,3,0.0,"[""暮云"", ""归鸟"", ""晚钟""]",0.0,{},
K072,keyword_generation,湖上,七言绝句,"[""湖光"", ""莲叶"", ""画桥""]","[gMASK]<sop><|system|>
你是一名擅长创作中文古典诗词的助手。请严格遵循用户给定的诗体、主题和关键词约束，只输出诗词正文。<|user|>
请围绕主题“湖上”创作一首七言绝句。
要求：诗句中必须包含以下所有词汇：湖光、莲叶、画桥。
注意：每个关键词都必须原样出现在诗词正文中，不要遗漏，不要解释。<|assistant|>",翠围红簇照波心，莲叶田田映水深。不用登楼见秋色，画桥风物尽知音。,2,3,0.6666666666666666,"[""湖光""]",0.0,{},
K073,keyword_generation,溪边,五言绝句,"[""溪声"", ""苔石"", ""野花""]","[gMASK]<sop><|system|>
你是一名擅长创作中文古典诗词的助手。请严格遵循用户给定的诗体、主题和关键词约束，只输出诗词正文。<|user|>
请围绕主题“溪边”创作一首五言绝句。
要求：诗句中必须包含以下所有词汇：溪声、苔石、野花。
注意：每个关键词都必须原样出现在诗词正文中，不要遗漏，不要解释。<|assistant|>",山色暮苍苍，溪声咽复长。野花红欲燃，松风吹晚凉。,2,3,0.6666666666666666,"[""苔石""]",0.0,{},
K074,keyword_generation,山寺,七言绝句,"[""山寺"", ""钟磬"", ""松阴""]","[gMASK]<sop><|system|>
你是一名擅长创作中文古典诗词的助手。请严格遵循用户给定的诗体、主题和关键词约束，只输出诗词正文。<|user|>
请围绕主题“山寺”创作一首七言绝句。
要求：诗句中必须包含以下所有词汇：山寺、钟磬、松阴。
注意：每个关键词都必须原样出现在诗词正文中，不要遗漏，不要解释。<|assistant|>",钟磬声残白日斜，远云归尽碧空霞。竹风萧飒松阴冷，闲立僧房数落花。,2,3,0.6666666666666666,"[""山寺""]",0.0,{},
K075,keyword_generation,秋夜,五言绝句,"[""秋月"", ""寒砧"", ""疏星""]","[gMASK]<sop><|system|>
你是一名擅长创作中文古典诗词的助手。请严格遵循用户给定的诗体、主题和关键词约束，只输出诗词正文。<|user|>
请围绕主题“秋夜”创作一首五言绝句。
要求：诗句中必须包含以下所有词汇：秋月、寒砧、疏星。
注意：每个关键词都必须原样出现在诗词正文中，不要遗漏，不要解释。<|assistant|>",疏星天汉稀，秋月入我户。风高木叶落，蛩响寒砧苦。,3,3,1.0,[],0.0,{},
K076,keyword_generation,春游,七言绝句,"[""芳草"", ""柳色"", ""莺啼""]","[gMASK]<sop><|system|>
你是一名擅长创作中文古典诗词的助手。请严格遵循用户给定的诗体、主题和关键词约束，只输出诗词正文。<|user|>
请围绕主题“春游”创作一首七言绝句。
要求：诗句中必须包含以下所有词汇：芳草、柳色、莺啼。
注意：每个关键词都必须原样出现在诗词正文中，不要遗漏，不要解释。<|assistant|>",柳色连云麦浪黄，雨余芳草绿茫茫。梨花一夜经风雨，无处寻枝觅海棠。,2,3,0.6666666666666666,"[""莺啼""]",0.0,{},
K077,keyword_generation,送别,五言绝句,"[""离歌"", ""酒旗"", ""长路""]","[gMASK]<sop><|system|>
你是一名擅长创作中文古典诗词的助手。请严格遵循用户给定的诗体、主题和关键词约束，只输出诗词正文。<|user|>
请围绕主题“送别”创作一首五言绝句。
要求：诗句中必须包含以下所有词汇：离歌、酒旗、长路。
注意：每个关键词都必须原样出现在诗词正文中，不要遗漏，不要解释。<|assistant|>",酒旗杨柳垂，春日送君归。长路行人远，离歌骢马肥。,3,3,1.0,[],0.0,{},
K078,keyword_generation,登高,七言绝句,"[""高台"", ""远树"", ""秋江""]","[gMASK]<sop><|system|>
你是一名擅长创作中文古典诗词的助手。请严格遵循用户给定的诗体、主题和关键词约束，只输出诗词正文。<|user|>
请围绕主题“登高”创作一首七言绝句。
要求：诗句中必须包含以下所有词汇：高台、远树、秋江。
注意：每个关键词都必须原样出现在诗词正文中，不要遗漏，不要解释。<|assistant|>",平野无云日易低，高台落景望东西。孤烟直上如霜刃，割断秋江万里迷。,2,3,0.6666666666666666,"[""远树""]",0.0,{},
K079,keyword_generation,望月,五言绝句,"[""明月"", ""天涯"", ""乡心""]","[gMASK]<sop><|system|>
你是一名擅长创作中文古典诗词的助手。请严格遵循用户给定的诗体、主题和关键词约束，只输出诗词正文。<|user|>
请围绕主题“望月”创作一首五言绝句。
要求：诗句中必须包含以下所有词汇：明月、天涯、乡心。
注意：每个关键词都必须原样出现在诗词正文中，不要遗漏，不要解释。<|assistant|>",明月照天涯，遥怜江汉家。不知春草绿，处处是愁芽。,2,3,0.6666666666666666,"[""乡心""]",0.0,{},
K080,keyword_generation,听雨,七言绝句,"[""雨声"", ""竹窗"", ""孤枕""]","[gMASK]<sop><|system|>
你是一名擅长创作中文古典诗词的助手。请严格遵循用户给定的诗体、主题和关键词约束，只输出诗词正文。<|user|>
请围绕主题“听雨”创作一首七言绝句。
要求：诗句中必须包含以下所有词汇：雨声、竹窗、孤枕。
注意：每个关键词都必须原样出现在诗词正文中，不要遗漏，不要解释。<|assistant|>",孤枕谁惊梦不成，竹窗一径转凄清。小窗自卷无人过，细雨随风作冷鸣。,2,3,0.6666666666666666,"[""雨声""]",0.0,{},
K081,keyword_generation,赏花,五言绝句,"[""花枝"", ""香径"", ""春衫""]","[gMASK]<sop><|system|>
你是一名擅长创作中文古典诗词的助手。请严格遵循用户给定的诗体、主题和关键词约束，只输出诗词正文。<|user|>
请围绕主题“赏花”创作一首五言绝句。
要求：诗句中必须包含以下所有词汇：花枝、香径、春衫。
注意：每个关键词都必须原样出现在诗词正文中，不要遗漏，不要解释。<|assistant|>",小桃犹带叶，芍药半含芳。不似春衫薄，多应醉后红。,1,3,0.3333333333333333,"[""花枝"", ""香径""]",0.0,{},
K082,keyword_generation,观潮,七言绝句,"[""潮头"", ""海门"", ""白浪""]","[gMASK]<sop><|system|>
你是一名擅长创作中文古典诗词的助手。请严格遵循用户给定的诗体、主题和关键词约束，只输出诗词正文。<|user|>
请围绕主题“观潮”创作一首七言绝句。
要求：诗句中必须包含以下所有词汇：潮头、海门、白浪。
注意：每个关键词都必须原样出现在诗词正文中，不要遗漏，不要解释。<|assistant|>",风静云开海月明，海门高挂玉初生。平明到晚潮头转，只见青山不见城。,2,3,0.6666666666666666,"[""白浪""]",0.0,{},
K083,keyword_generation,塞外,五言绝句,"[""大漠"", ""孤烟"", ""羌笛""]","[gMASK]<sop><|system|>
你是一名擅长创作中文古典诗词的助手。请严格遵循用户给定的诗体、主题和关键词约束，只输出诗词正文。<|user|>
请围绕主题“塞外”创作一首五言绝句。
要求：诗句中必须包含以下所有词汇：大漠、孤烟、羌笛。
注意：每个关键词都必须原样出现在诗词正文中，不要遗漏，不要解释。<|assistant|>",边雁飞南来，孤烟起北吹。阴山如可画，羌笛亦堪吹。,2,3,0.6666666666666666,"[""大漠""]",0.0,{},
K084,keyword_generation,军旅,七言绝句,"[""铁骑"", ""旌旗"", ""鼓角""]","[gMASK]<sop><|system|>
你是一名擅长创作中文古典诗词的助手。请严格遵循用户给定的诗体、主题和关键词约束，只输出诗词正文。<|user|>
请围绕主题“军旅”创作一首七言绝句。
要求：诗句中必须包含以下所有词汇：铁骑、旌旗、鼓角。
注意：每个关键词都必须原样出现在诗词正文中，不要遗漏，不要解释。<|assistant|>",铁骑连营夜不收，千家灯火照旗头。边尘欲渡黄河静，回首旌旗似水流。,2,3,0.6666666666666666,"[""鼓角""]",0.0,{},
K085,keyword_generation,宫怨,五言绝句,"[""宫花"", ""玉阶"", ""秋扇""]","[gMASK]<sop><|system|>
你是一名擅长创作中文古典诗词的助手。请严格遵循用户给定的诗体、主题和关键词约束，只输出诗词正文。<|user|>
请围绕主题“宫怨”创作一首五言绝句。
要求：诗句中必须包含以下所有词汇：宫花、玉阶、秋扇。
注意：每个关键词都必须原样出现在诗词正文中，不要遗漏，不要解释。<|assistant|>",春草绿如茵，轻罗掩不尘。长门桃李树，偏恼独伤春。,0,3,0.0,"[""宫花"", ""玉阶"", ""秋扇""]",0.0,{},
K086,keyword_generation,闺思,七言绝句,"[""罗衣"", ""银烛"", ""远书""]","[gMASK]<sop><|system|>
你是一名擅长创作中文古典诗词的助手。请严格遵循用户给定的诗体、主题和关键词约束，只输出诗词正文。<|user|>
请围绕主题“闺思”创作一首七言绝句。
要求：诗句中必须包含以下所有词汇：罗衣、银烛、远书。
注意：每个关键词都必须原样出现在诗词正文中，不要遗漏，不要解释。<|assistant|>",日暮妆楼寒欲无，夜香烧尽绣帘疎。玉钗风动翠云坠，时有微凉传远书。,1,3,0.3333333333333333,"[""罗衣"", ""银烛""]",0.0,{},
K087,keyword_generation,农家,五言绝句,"[""麦浪"", ""桑田"", ""村酒""]","[gMASK]<sop><|system|>
你是一名擅长创作中文古典诗词的助手。请严格遵循用户给定的诗体、主题和关键词约束，只输出诗词正文。<|user|>
请围绕主题“农家”创作一首五言绝句。
要求：诗句中必须包含以下所有词汇：麦浪、桑田、村酒。
注意：每个关键词都必须原样出现在诗词正文中，不要遗漏，不要解释。<|assistant|>",家家麦浪白，处处桑田绿。醉里问山翁，人生乐无足。,2,3,0.6666666666666666,"[""村酒""]",0.0,{},
K088,keyword_generation,渔舟,七言绝句,"[""渔舟"", ""江雪"", ""蓑笠""]","[gMASK]<sop><|system|>
你是一名擅长创作中文古典诗词的助手。请严格遵循用户给定的诗体、主题和关键词约束，只输出诗词正文。<|user|>
请围绕主题“渔舟”创作一首七言绝句。
要求：诗句中必须包含以下所有词汇：渔舟、江雪、蓑笠。
注意：每个关键词都必须原样出现在诗词正文中，不要遗漏，不要解释。<|assistant|>",寒日凄风满钓船，小桥斜路蹋晴烟。酒旗沽得谁家醉，蓑笠不扶江雪眠。,2,3,0.6666666666666666,"[""渔舟""]",0.0,{},
K089,keyword_generation,山居,五言绝句,"[""山居"", ""石泉"", ""松门""]","[gMASK]<sop><|system|>
你是一名擅长创作中文古典诗词的助手。请严格遵循用户给定的诗体、主题和关键词约束，只输出诗词正文。<|user|>
请围绕主题“山居”创作一首五言绝句。
要求：诗句中必须包含以下所有词汇：山居、石泉、松门。
注意：每个关键词都必须原样出现在诗词正文中，不要遗漏，不要解释。<|assistant|>",路转更盘盘，柴门掩寒山。中有巢云客，扫雪开松门。,1,3,0.3333333333333333,"[""山居"", ""石泉""]",0.0,{},
K090,keyword_generation,旅夜,七言绝句,"[""旅馆"", ""寒灯"", ""乡梦""]","[gMASK]<sop><|system|>
你是一名擅长创作中文古典诗词的助手。请严格遵循用户给定的诗体、主题和关键词约束，只输出诗词正文。<|user|>
请围绕主题“旅夜”创作一首七言绝句。
要求：诗句中必须包含以下所有词汇：旅馆、寒灯、乡梦。
注意：每个关键词都必须原样出现在诗词正文中，不要遗漏，不要解释。<|assistant|>",客里霜天月欲残，竹炉茶味敌芳兰。更无旅馆知心侣，独自挑灯独对看。,1,3,0.3333333333333333,"[""寒灯"", ""乡梦""]",0.0,{},
K091,keyword_generation,春雨,五言绝句,"[""春雨"", ""梨花"", ""燕泥""]","[gMASK]<sop><|system|>
你是一名擅长创作中文古典诗词的助手。请严格遵循用户给定的诗体、主题和关键词约束，只输出诗词正文。<|user|>
请围绕主题“春雨”创作一首五言绝句。
要求：诗句中必须包含以下所有词汇：春雨、梨花、燕泥。
注意：每个关键词都必须原样出现在诗词正文中，不要遗漏，不要解释。<|assistant|>",夜久星河转，东风吹雁群。燕泥粘落絮，春雨洗梨花。,3,3,1.0,[],0.0,{},
K092,keyword_generation,秋风,七言绝句,"[""秋风"", ""黄叶"", ""孤雁""]","[gMASK]<sop><|system|>
你是一名擅长创作中文古典诗词的助手。请严格遵循用户给定的诗体、主题和关键词约束，只输出诗词正文。<|user|>
请围绕主题“秋风”创作一首七言绝句。
要求：诗句中必须包含以下所有词汇：秋风、黄叶、孤雁。
注意：每个关键词都必须原样出现在诗词正文中，不要遗漏，不要解释。<|assistant|>",雨过西郊见草堂，风生东坞作微凉。稻畦黄叶鸣无数，时有归云伴雁行。,1,3,0.3333333333333333,"[""秋风"", ""孤雁""]",0.0,{},
K093,keyword_generation,冬夜,五言绝句,"[""冬夜"", ""寒炉"", ""雪窗""]","[gMASK]<sop><|system|>
你是一名擅长创作中文古典诗词的助手。请严格遵循用户给定的诗体、主题和关键词约束，只输出诗词正文。<|user|>
请围绕主题“冬夜”创作一首五言绝句。
要求：诗句中必须包含以下所有词汇：冬夜、寒炉、雪窗。
注意：每个关键词都必须原样出现在诗词正文中，不要遗漏，不要解释。<|assistant|>",冬夜思故庐，拥褐坐幽独。残灯耿欲灭，忽见飞鸿度。,1,3,0.3333333333333333,"[""寒炉"", ""雪窗""]",0.0,{},
K094,keyword_generation,夏雨,七言绝句,"[""夏雨"", ""荷声"", ""雷云""]","[gMASK]<sop><|system|>
你是一名擅长创作中文古典诗词的助手。请严格遵循用户给定的诗体、主题和关键词约束，只输出诗词正文。<|user|>
请围绕主题“夏雨”创作一首七言绝句。
要求：诗句中必须包含以下所有词汇：夏雨、荷声、雷云。
注意：每个关键词都必须原样出现在诗词正文中，不要遗漏，不要解释。<|assistant|>",一犁深润稻根肥，万壑寒流鸟雀飞。试向雷云开霁色，满川新涨荷声齐。,2,3,0.6666666666666666,"[""夏雨""]",0.0,{},
K095,keyword_generation,梅雪,五言绝句,"[""梅花"", ""白雪"", ""清香""]","[gMASK]<sop><|system|>
你是一名擅长创作中文古典诗词的助手。请严格遵循用户给定的诗体、主题和关键词约束，只输出诗词正文。<|user|>
请围绕主题“梅雪”创作一首五言绝句。
要求：诗句中必须包含以下所有词汇：梅花、白雪、清香。
注意：每个关键词都必须原样出现在诗词正文中，不要遗漏，不要解释。<|assistant|>",雪花似杨花，洁白无瑕玷。何如梅花奇，不减林下见。,1,3,0.3333333333333333,"[""白雪"", ""清香""]",0.0,{},
K096,keyword_generation,兰亭,七言绝句,"[""兰亭"", ""曲水"", ""流觞""]","[gMASK]<sop><|system|>
你是一名擅长创作中文古典诗词的助手。请严格遵循用户给定的诗体、主题和关键词约束，只输出诗词正文。<|user|>
请围绕主题“兰亭”创作一首七言绝句。
要求：诗句中必须包含以下所有词汇：兰亭、曲水、流觞。
注意：每个关键词都必须原样出现在诗词正文中，不要遗漏，不要解释。<|assistant|>",修禊临池会晋贤，会流曲水流觞。柳丝穿径青帘遶，正是山花发酒香。,2,3,0.6666666666666666,"[""兰亭""]",0.0,{},
K097,keyword_generation,边月,五言绝句,"[""边月"", ""胡尘"", ""戍楼""]","[gMASK]<sop><|system|>
你是一名擅长创作中文古典诗词的助手。请严格遵循用户给定的诗体、主题和关键词约束，只输出诗词正文。<|user|>
请围绕主题“边月”创作一首五言绝句。
要求：诗句中必须包含以下所有词汇：边月、胡尘、戍楼。
注意：每个关键词都必须原样出现在诗词正文中，不要遗漏，不要解释。<|assistant|>",城上角声动，关头塞鴈惊。胡尘飞不到，汉月自分明。,1,3,0.3333333333333333,"[""边月"", ""戍楼""]",0.0,{},
K098,keyword_generation,江雪,七言绝句,"[""江雪"", ""孤舟"", ""寒蓑""]","[gMASK]<sop><|system|>
你是一名擅长创作中文古典诗词的助手。请严格遵循用户给定的诗体、主题和关键词约束，只输出诗词正文。<|user|>
请围绕主题“江雪”创作一首七言绝句。
要求：诗句中必须包含以下所有词汇：江雪、孤舟、寒蓑。
注意：每个关键词都必须原样出现在诗词正文中，不要遗漏，不要解释。<|assistant|>",孤舟夜泊潇湘岸，月入平林鹤梦惊。应见渔翁起归兴，一声江上叫寒蓑。,2,3,0.6666666666666666,"[""江雪""]",0.0,{},
K099,keyword_generation,云梦,五言绝句,"[""云梦"", ""烟波"", ""楚天""]","[gMASK]<sop><|system|>
你是一名擅长创作中文古典诗词的助手。请严格遵循用户给定的诗体、主题和关键词约束，只输出诗词正文。<|user|>
请围绕主题“云梦”创作一首五言绝句。
要求：诗句中必须包含以下所有词汇：云梦、烟波、楚天。
注意：每个关键词都必须原样出现在诗词正文中，不要遗漏，不要解释。<|assistant|>",渺渺烟波阔，苍苍水树圆。不知云梦泽，何处有渔船。,2,3,0.6666666666666666,"[""楚天""]",0.0,{},
K100,keyword_generation,雨巷,七言绝句,"[""雨巷"", ""油伞"", ""丁香""]","[gMASK]<sop><|system|>
你是一名擅长创作中文古典诗词的助手。请严格遵循用户给定的诗体、主题和关键词约束，只输出诗词正文。<|user|>
请围绕主题“雨巷”创作一首七言绝句。
要求：诗句中必须包含以下所有词汇：雨巷、油伞、丁香。
注意：每个关键词都必须原样出现在诗词正文中，不要遗漏，不要解释。<|assistant|>",一径穿云入翠微，隔墙时见数花飞。归来独掩青楼门，细雨丁香满地衣。,1,3,0.3333333333333333,"[""雨巷"", ""油伞""]",0.0,{},
