id,task_type,theme,poem_type,prefix,references,prompt,generated_text,generated_char_level,references_char_level,BLEU-4,ROUGE-L,BLEU-4-%,ROUGE-L-%,error
P066,prefix_continuation,送别,下一句续写,故人西辞黄鹤楼,"[""烟花三月下扬州。""]","[gMASK]<sop><|system|>
你是一名擅长中文古典诗词续写的助手。请严格根据用户给定的上句续写下一句。你的输出必须只有续写的下一句本身，禁止输出标题、解释、原句、序号、引号或任何说明文字。<|user|>
请根据上句“故人西辞黄鹤楼”，续写下一句。硬性要求：
1. 只输出一行。
2. 只输出续写下句本身。
3. 不要包含原有上句。
4. 不要补全整首诗。
5. 不要输出“下句：”“续写：”“答案：”“解释：”等任何前缀。
6. 不要使用引号包裹。<|assistant|>",渔舟晚泊潇湘渚,渔 舟 晚 泊 潇 湘 渚,"[""烟 花 三 月 下 扬 州""]",0.0,0.0,0.0,0.0,
P043,prefix_continuation,竹林,下一句续写,弹琴复长啸,"[""深林人不知。""]","[gMASK]<sop><|system|>
你是一名擅长中文古典诗词续写的助手。请严格根据用户给定的上句续写下一句。你的输出必须只有续写的下一句本身，禁止输出标题、解释、原句、序号、引号或任何说明文字。<|user|>
请根据上句“弹琴复长啸”，续写下一句。硬性要求：
1. 只输出一行。
2. 只输出续写下句本身。
3. 不要包含原有上句。
4. 不要补全整首诗。
5. 不要输出“下句：”“续写：”“答案：”“解释：”等任何前缀。
6. 不要使用引号包裹。<|assistant|>",我欲乘风归,我 欲 乘 风 归,"[""深 林 人 不 知""]",0.0,0.0,0.0,0.0,
P016,prefix_continuation,冬雪,下一句续写,忽如一夜春风来,"[""千树万树梨花开。""]","[gMASK]<sop><|system|>
你是一名擅长中文古典诗词续写的助手。请严格根据用户给定的上句续写下一句。你的输出必须只有续写的下一句本身，禁止输出标题、解释、原句、序号、引号或任何说明文字。<|user|>
请根据上句“忽如一夜春风来”，续写下一句。硬性要求：
1. 只输出一行。
2. 只输出续写下句本身。
3. 不要包含原有上句。
4. 不要补全整首诗。
5. 不要输出“下句：”“续写：”“答案：”“解释：”等任何前缀。
6. 不要使用引号包裹。<|assistant|>",吹散千林万木开。,吹 散 千 林 万 木 开,"[""千 树 万 树 梨 花 开""]",0.043472087194499145,0.42857142857142855,4.35,42.86,
P010,prefix_continuation,送别,下一句续写,洛阳亲友如相问,"[""一片冰心在玉壶。""]","[gMASK]<sop><|system|>
你是一名擅长中文古典诗词续写的助手。请严格根据用户给定的上句续写下一句。你的输出必须只有续写的下一句本身，禁止输出标题、解释、原句、序号、引号或任何说明文字。<|user|>
请根据上句“洛阳亲友如相问”，续写下一句。硬性要求：
1. 只输出一行。
2. 只输出续写下句本身。
3. 不要包含原有上句。
4. 不要补全整首诗。
5. 不要输出“下句：”“续写：”“答案：”“解释：”等任何前缀。
6. 不要使用引号包裹。<|assistant|>",雪中梅蕊破寒开,雪 中 梅 蕊 破 寒 开,"[""一 片 冰 心 在 玉 壶""]",0.0,0.0,0.0,0.0,
P101,prefix_continuation,忧国,下一句续写,死去元知万事空,"[""但悲不见九州同。""]","[gMASK]<sop><|system|>
你是一名擅长中文古典诗词续写的助手。请严格根据用户给定的上句续写下一句。你的输出必须只有续写的下一句本身，禁止输出标题、解释、原句、序号、引号或任何说明文字。<|user|>
请根据上句“死去元知万事空”，续写下一句。硬性要求：
1. 只输出一行。
2. 只输出续写下句本身。
3. 不要包含原有上句。
4. 不要补全整首诗。
5. 不要输出“下句：”“续写：”“答案：”“解释：”等任何前缀。
6. 不要使用引号包裹。<|assistant|>",但存方寸地,但 存 方 寸 地,"[""但 悲 不 见 九 州 同""]",0.036015288308423515,0.16666666666666666,3.6,16.67,
P059,prefix_continuation,思归,下一句续写,今春看又过,"[""何日是归年。""]","[gMASK]<sop><|system|>
你是一名擅长中文古典诗词续写的助手。请严格根据用户给定的上句续写下一句。你的输出必须只有续写的下一句本身，禁止输出标题、解释、原句、序号、引号或任何说明文字。<|user|>
请根据上句“今春看又过”，续写下一句。硬性要求：
1. 只输出一行。
2. 只输出续写下句本身。
3. 不要包含原有上句。
4. 不要补全整首诗。
5. 不要输出“下句：”“续写：”“答案：”“解释：”等任何前缀。
6. 不要使用引号包裹。<|assistant|>",明日是何年。,明 日 是 何 年,"[""何 日 是 归 年""]",0.13512001548070346,0.6,13.51,60.0,
P002,prefix_continuation,春天,下一句续写,春眠不觉晓,"[""处处闻啼鸟。""]","[gMASK]<sop><|system|>
你是一名擅长中文古典诗词续写的助手。请严格根据用户给定的上句续写下一句。你的输出必须只有续写的下一句本身，禁止输出标题、解释、原句、序号、引号或任何说明文字。<|user|>
请根据上句“春眠不觉晓”，续写下一句。硬性要求：
1. 只输出一行。
2. 只输出续写下句本身。
3. 不要包含原有上句。
4. 不要补全整首诗。
5. 不要输出“下句：”“续写：”“答案：”“解释：”等任何前缀。
6. 不要使用引号包裹。<|assistant|>",莫待惊雷动,莫 待 惊 雷 动,"[""处 处 闻 啼 鸟""]",0.0,0.0,0.0,0.0,
P074,prefix_continuation,边塞,下一句续写,万里长征人未还,"[""但使龙城飞将在。""]","[gMASK]<sop><|system|>
你是一名擅长中文古典诗词续写的助手。请严格根据用户给定的上句续写下一句。你的输出必须只有续写的下一句本身，禁止输出标题、解释、原句、序号、引号或任何说明文字。<|user|>
请根据上句“万里长征人未还”，续写下一句。硬性要求：
1. 只输出一行。
2. 只输出续写下句本身。
3. 不要包含原有上句。
4. 不要补全整首诗。
5. 不要输出“下句：”“续写：”“答案：”“解释：”等任何前缀。
6. 不要使用引号包裹。<|assistant|>",云和雪压千山重,云 和 雪 压 千 山 重,"[""但 使 龙 城 飞 将 在""]",0.0,0.0,0.0,0.0,
P077,prefix_continuation,边塞,下一句续写,孤城遥望玉门关,"[""黄沙百战穿金甲。""]","[gMASK]<sop><|system|>
你是一名擅长中文古典诗词续写的助手。请严格根据用户给定的上句续写下一句。你的输出必须只有续写的下一句本身，禁止输出标题、解释、原句、序号、引号或任何说明文字。<|user|>
请根据上句“孤城遥望玉门关”，续写下一句。硬性要求：
1. 只输出一行。
2. 只输出续写下句本身。
3. 不要包含原有上句。
4. 不要补全整首诗。
5. 不要输出“下句：”“续写：”“答案：”“解释：”等任何前缀。
6. 不要使用引号包裹。<|assistant|>",沙塞风高雁翼斜,沙 塞 风 高 雁 翼 斜,"[""黄 沙 百 战 穿 金 甲""]",0.033031643180138064,0.14285714285714285,3.3,14.29,
P083,prefix_continuation,江南,下一句续写,南朝四百八十寺,"[""多少楼台烟雨中。""]","[gMASK]<sop><|system|>
你是一名擅长中文古典诗词续写的助手。请严格根据用户给定的上句续写下一句。你的输出必须只有续写的下一句本身，禁止输出标题、解释、原句、序号、引号或任何说明文字。<|user|>
请根据上句“南朝四百八十寺”，续写下一句。硬性要求：
1. 只输出一行。
2. 只输出续写下句本身。
3. 不要包含原有上句。
4. 不要补全整首诗。
5. 不要输出“下句：”“续写：”“答案：”“解释：”等任何前缀。
6. 不要使用引号包裹。<|assistant|>",平芜落日孤城角,平 芜 落 日 孤 城 角,"[""多 少 楼 台 烟 雨 中""]",0.0,0.0,0.0,0.0,
P081,prefix_continuation,江南,下一句续写,千里莺啼绿映红,"[""水村山郭酒旗风。""]","[gMASK]<sop><|system|>
你是一名擅长中文古典诗词续写的助手。请严格根据用户给定的上句续写下一句。你的输出必须只有续写的下一句本身，禁止输出标题、解释、原句、序号、引号或任何说明文字。<|user|>
请根据上句“千里莺啼绿映红”，续写下一句。硬性要求：
1. 只输出一行。
2. 只输出续写下句本身。
3. 不要包含原有上句。
4. 不要补全整首诗。
5. 不要输出“下句：”“续写：”“答案：”“解释：”等任何前缀。
6. 不要使用引号包裹。<|assistant|>",暮雨千山郭外云,暮 雨 千 山 郭 外 云,"[""水 村 山 郭 酒 旗 风""]",0.06985342056580097,0.2857142857142857,6.99,28.57,
P084,prefix_continuation,秋山,下一句续写,远上寒山石径斜,"[""白云生处有人家。""]","[gMASK]<sop><|system|>
你是一名擅长中文古典诗词续写的助手。请严格根据用户给定的上句续写下一句。你的输出必须只有续写的下一句本身，禁止输出标题、解释、原句、序号、引号或任何说明文字。<|user|>
请根据上句“远上寒山石径斜”，续写下一句。硬性要求：
1. 只输出一行。
2. 只输出续写下句本身。
3. 不要包含原有上句。
4. 不要补全整首诗。
5. 不要输出“下句：”“续写：”“答案：”“解释：”等任何前缀。
6. 不要使用引号包裹。<|assistant|>",一鞭先我到，,一 鞭 先 我 到,"[""白 云 生 处 有 人 家""]",0.0,0.0,0.0,0.0,
P011,prefix_continuation,离别,下一句续写,劝君更尽一杯酒,"[""西出阳关无故人。""]","[gMASK]<sop><|system|>
你是一名擅长中文古典诗词续写的助手。请严格根据用户给定的上句续写下一句。你的输出必须只有续写的下一句本身，禁止输出标题、解释、原句、序号、引号或任何说明文字。<|user|>
请根据上句“劝君更尽一杯酒”，续写下一句。硬性要求：
1. 只输出一行。
2. 只输出续写下句本身。
3. 不要包含原有上句。
4. 不要补全整首诗。
5. 不要输出“下句：”“续写：”“答案：”“解释：”等任何前缀。
6. 不要使用引号包裹。<|assistant|>",与尔同悲复同喜。,与 尔 同 悲 复 同 喜,"[""西 出 阳 关 无 故 人""]",0.0,0.0,0.0,0.0,
P042,prefix_continuation,竹林,下一句续写,独坐幽篁里,"[""弹琴复长啸。""]","[gMASK]<sop><|system|>
你是一名擅长中文古典诗词续写的助手。请严格根据用户给定的上句续写下一句。你的输出必须只有续写的下一句本身，禁止输出标题、解释、原句、序号、引号或任何说明文字。<|user|>
请根据上句“独坐幽篁里”，续写下一句。硬性要求：
1. 只输出一行。
2. 只输出续写下句本身。
3. 不要包含原有上句。
4. 不要补全整首诗。
5. 不要输出“下句：”“续写：”“答案：”“解释：”等任何前缀。
6. 不要使用引号包裹。<|assistant|>",一任旁人笑,一 任 旁 人 笑,"[""弹 琴 复 长 啸""]",0.0,0.0,0.0,0.0,
P068,prefix_continuation,送别,下一句续写,千里黄云白日曛,"[""北风吹雁雪纷纷。""]","[gMASK]<sop><|system|>
你是一名擅长中文古典诗词续写的助手。请严格根据用户给定的上句续写下一句。你的输出必须只有续写的下一句本身，禁止输出标题、解释、原句、序号、引号或任何说明文字。<|user|>
请根据上句“千里黄云白日曛”，续写下一句。硬性要求：
1. 只输出一行。
2. 只输出续写下句本身。
3. 不要包含原有上句。
4. 不要补全整首诗。
5. 不要输出“下句：”“续写：”“答案：”“解释：”等任何前缀。
6. 不要使用引号包裹。<|assistant|>",寒雀争飞屋上檐,寒 雀 争 飞 屋 上 檐,"[""北 风 吹 雁 雪 纷 纷""]",0.0,0.0,0.0,0.0,
P067,prefix_continuation,送别,下一句续写,烟花三月下扬州,"[""孤帆远影碧空尽。""]","[gMASK]<sop><|system|>
你是一名擅长中文古典诗词续写的助手。请严格根据用户给定的上句续写下一句。你的输出必须只有续写的下一句本身，禁止输出标题、解释、原句、序号、引号或任何说明文字。<|user|>
请根据上句“烟花三月下扬州”，续写下一句。硬性要求：
1. 只输出一行。
2. 只输出续写下句本身。
3. 不要包含原有上句。
4. 不要补全整首诗。
5. 不要输出“下句：”“续写：”“答案：”“解释：”等任何前缀。
6. 不要使用引号包裹。<|assistant|>",水落溪声断复鸣,水 落 溪 声 断 复 鸣,"[""孤 帆 远 影 碧 空 尽""]",0.0,0.0,0.0,0.0,
P053,prefix_continuation,怀古,下一句续写,江流石不转,"[""遗恨失吞吴。""]","[gMASK]<sop><|system|>
你是一名擅长中文古典诗词续写的助手。请严格根据用户给定的上句续写下一句。你的输出必须只有续写的下一句本身，禁止输出标题、解释、原句、序号、引号或任何说明文字。<|user|>
请根据上句“江流石不转”，续写下一句。硬性要求：
1. 只输出一行。
2. 只输出续写下句本身。
3. 不要包含原有上句。
4. 不要补全整首诗。
5. 不要输出“下句：”“续写：”“答案：”“解释：”等任何前缀。
6. 不要使用引号包裹。<|assistant|>",山到平头犹,山 到 平 头 犹,"[""遗 恨 失 吞 吴""]",0.0,0.0,0.0,0.0,
P057,prefix_continuation,春望,下一句续写,江碧鸟逾白,"[""山青花欲燃。""]","[gMASK]<sop><|system|>
你是一名擅长中文古典诗词续写的助手。请严格根据用户给定的上句续写下一句。你的输出必须只有续写的下一句本身，禁止输出标题、解释、原句、序号、引号或任何说明文字。<|user|>
请根据上句“江碧鸟逾白”，续写下一句。硬性要求：
1. 只输出一行。
2. 只输出续写下句本身。
3. 不要包含原有上句。
4. 不要补全整首诗。
5. 不要输出“下句：”“续写：”“答案：”“解释：”等任何前缀。
6. 不要使用引号包裹。<|assistant|>",树高风啸暮,树 高 风 啸 暮,"[""山 青 花 欲 燃""]",0.0,0.0,0.0,0.0,
P034,prefix_continuation,旅夜,下一句续写,日暮客愁新,"[""野旷天低树。""]","[gMASK]<sop><|system|>
你是一名擅长中文古典诗词续写的助手。请严格根据用户给定的上句续写下一句。你的输出必须只有续写的下一句本身，禁止输出标题、解释、原句、序号、引号或任何说明文字。<|user|>
请根据上句“日暮客愁新”，续写下一句。硬性要求：
1. 只输出一行。
2. 只输出续写下句本身。
3. 不要包含原有上句。
4. 不要补全整首诗。
5. 不要输出“下句：”“续写：”“答案：”“解释：”等任何前缀。
6. 不要使用引号包裹。<|assistant|>",相思更不任。,相 思 更 不 任,"[""野 旷 天 低 树""]",0.0,0.0,0.0,0.0,
P031,prefix_continuation,月夜,下一句续写,床前明月光,"[""疑是地上霜。""]","[gMASK]<sop><|system|>
你是一名擅长中文古典诗词续写的助手。请严格根据用户给定的上句续写下一句。你的输出必须只有续写的下一句本身，禁止输出标题、解释、原句、序号、引号或任何说明文字。<|user|>
请根据上句“床前明月光”，续写下一句。硬性要求：
1. 只输出一行。
2. 只输出续写下句本身。
3. 不要包含原有上句。
4. 不要补全整首诗。
5. 不要输出“下句：”“续写：”“答案：”“解释：”等任何前缀。
6. 不要使用引号包裹。<|assistant|>",心印心传万,心 印 心 传 万,"[""疑 是 地 上 霜""]",0.0,0.0,0.0,0.0,
P069,prefix_continuation,送别,下一句续写,北风吹雁雪纷纷,"[""莫愁前路无知己。""]","[gMASK]<sop><|system|>
你是一名擅长中文古典诗词续写的助手。请严格根据用户给定的上句续写下一句。你的输出必须只有续写的下一句本身，禁止输出标题、解释、原句、序号、引号或任何说明文字。<|user|>
请根据上句“北风吹雁雪纷纷”，续写下一句。硬性要求：
1. 只输出一行。
2. 只输出续写下句本身。
3. 不要包含原有上句。
4. 不要补全整首诗。
5. 不要输出“下句：”“续写：”“答案：”“解释：”等任何前缀。
6. 不要使用引号包裹。<|assistant|>",独夜思君不语，,独 夜 思 君 不 语,"[""莫 愁 前 路 无 知 己""]",0.0,0.0,0.0,0.0,
P061,prefix_continuation,春景,下一句续写,一行白鹭上青天,"[""窗含西岭千秋雪。""]","[gMASK]<sop><|system|>
你是一名擅长中文古典诗词续写的助手。请严格根据用户给定的上句续写下一句。你的输出必须只有续写的下一句本身，禁止输出标题、解释、原句、序号、引号或任何说明文字。<|user|>
请根据上句“一行白鹭上青天”，续写下一句。硬性要求：
1. 只输出一行。
2. 只输出续写下句本身。
3. 不要包含原有上句。
4. 不要补全整首诗。
5. 不要输出“下句：”“续写：”“答案：”“解释：”等任何前缀。
6. 不要使用引号包裹。<|assistant|>",万树千花晓正妍,万 树 千 花 晓 正 妍,"[""窗 含 西 岭 千 秋 雪""]",0.033031643180138064,0.14285714285714285,3.3,14.29,
P073,prefix_continuation,边塞,下一句续写,秦时明月汉时关,"[""万里长征人未还。""]","[gMASK]<sop><|system|>
你是一名擅长中文古典诗词续写的助手。请严格根据用户给定的上句续写下一句。你的输出必须只有续写的下一句本身，禁止输出标题、解释、原句、序号、引号或任何说明文字。<|user|>
请根据上句“秦时明月汉时关”，续写下一句。硬性要求：
1. 只输出一行。
2. 只输出续写下句本身。
3. 不要包含原有上句。
4. 不要补全整首诗。
5. 不要输出“下句：”“续写：”“答案：”“解释：”等任何前缀。
6. 不要使用引号包裹。<|assistant|>",长亭短驿无人识,长 亭 短 驿 无 人 识,"[""万 里 长 征 人 未 还""]",0.039281465090051315,0.2857142857142857,3.93,28.57,
P027,prefix_continuation,江行,下一句续写,朝辞白帝彩云间,"[""千里江陵一日还。""]","[gMASK]<sop><|system|>
你是一名擅长中文古典诗词续写的助手。请严格根据用户给定的上句续写下一句。你的输出必须只有续写的下一句本身，禁止输出标题、解释、原句、序号、引号或任何说明文字。<|user|>
请根据上句“朝辞白帝彩云间”，续写下一句。硬性要求：
1. 只输出一行。
2. 只输出续写下句本身。
3. 不要包含原有上句。
4. 不要补全整首诗。
5. 不要输出“下句：”“续写：”“答案：”“解释：”等任何前缀。
6. 不要使用引号包裹。<|assistant|>",暮投参佐宿，,暮 投 参 佐 宿,"[""千 里 江 陵 一 日 还""]",0.0,0.0,0.0,0.0,
P060,prefix_continuation,春景,下一句续写,两个黄鹂鸣翠柳,"[""一行白鹭上青天。""]","[gMASK]<sop><|system|>
你是一名擅长中文古典诗词续写的助手。请严格根据用户给定的上句续写下一句。你的输出必须只有续写的下一句本身，禁止输出标题、解释、原句、序号、引号或任何说明文字。<|user|>
请根据上句“两个黄鹂鸣翠柳”，续写下一句。硬性要求：
1. 只输出一行。
2. 只输出续写下句本身。
3. 不要包含原有上句。
4. 不要补全整首诗。
5. 不要输出“下句：”“续写：”“答案：”“解释：”等任何前缀。
6. 不要使用引号包裹。<|assistant|>",一枝春水绿于染,一 枝 春 水 绿 于 染,"[""一 行 白 鹭 上 青 天""]",0.033031643180138064,0.14285714285714285,3.3,14.29,
P009,prefix_continuation,山村,下一句续写,山重水复疑无路,"[""柳暗花明又一村。""]","[gMASK]<sop><|system|>
你是一名擅长中文古典诗词续写的助手。请严格根据用户给定的上句续写下一句。你的输出必须只有续写的下一句本身，禁止输出标题、解释、原句、序号、引号或任何说明文字。<|user|>
请根据上句“山重水复疑无路”，续写下一句。硬性要求：
1. 只输出一行。
2. 只输出续写下句本身。
3. 不要包含原有上句。
4. 不要补全整首诗。
5. 不要输出“下句：”“续写：”“答案：”“解释：”等任何前缀。
6. 不要使用引号包裹。<|assistant|>",雨色青红半有无,雨 色 青 红 半 有 无,"[""柳 暗 花 明 又 一 村""]",0.0,0.0,0.0,0.0,
P022,prefix_continuation,秋山,下一句续写,空山新雨后,"[""天气晚来秋。""]","[gMASK]<sop><|system|>
你是一名擅长中文古典诗词续写的助手。请严格根据用户给定的上句续写下一句。你的输出必须只有续写的下一句本身，禁止输出标题、解释、原句、序号、引号或任何说明文字。<|user|>
请根据上句“空山新雨后”，续写下一句。硬性要求：
1. 只输出一行。
2. 只输出续写下句本身。
3. 不要包含原有上句。
4. 不要补全整首诗。
5. 不要输出“下句：”“续写：”“答案：”“解释：”等任何前缀。
6. 不要使用引号包裹。<|assistant|>",春入小窗来。,春 入 小 窗 来,"[""天 气 晚 来 秋""]",0.05372849659117709,0.20000000000000004,5.37,20.0,
P064,prefix_continuation,怀旧,下一句续写,崔九堂前几度闻,"[""正是江南好风景。""]","[gMASK]<sop><|system|>
你是一名擅长中文古典诗词续写的助手。请严格根据用户给定的上句续写下一句。你的输出必须只有续写的下一句本身，禁止输出标题、解释、原句、序号、引号或任何说明文字。<|user|>
请根据上句“崔九堂前几度闻”，续写下一句。硬性要求：
1. 只输出一行。
2. 只输出续写下句本身。
3. 不要包含原有上句。
4. 不要补全整首诗。
5. 不要输出“下句：”“续写：”“答案：”“解释：”等任何前缀。
6. 不要使用引号包裹。<|assistant|>",今朝再到已销魂。,今 朝 再 到 已 销 魂,"[""正 是 江 南 好 风 景""]",0.0,0.0,0.0,0.0,
P033,prefix_continuation,旅夜,下一句续写,移舟泊烟渚,"[""日暮客愁新。""]","[gMASK]<sop><|system|>
你是一名擅长中文古典诗词续写的助手。请严格根据用户给定的上句续写下一句。你的输出必须只有续写的下一句本身，禁止输出标题、解释、原句、序号、引号或任何说明文字。<|user|>
请根据上句“移舟泊烟渚”，续写下一句。硬性要求：
1. 只输出一行。
2. 只输出续写下句本身。
3. 不要包含原有上句。
4. 不要补全整首诗。
5. 不要输出“下句：”“续写：”“答案：”“解释：”等任何前缀。
6. 不要使用引号包裹。<|assistant|>",月落乌啼霜,月 落 乌 啼 霜,"[""日 暮 客 愁 新""]",0.0,0.0,0.0,0.0,
P085,prefix_continuation,秋山,下一句续写,白云生处有人家,"[""停车坐爱枫林晚。""]","[gMASK]<sop><|system|>
你是一名擅长中文古典诗词续写的助手。请严格根据用户给定的上句续写下一句。你的输出必须只有续写的下一句本身，禁止输出标题、解释、原句、序号、引号或任何说明文字。<|user|>
请根据上句“白云生处有人家”，续写下一句。硬性要求：
1. 只输出一行。
2. 只输出续写下句本身。
3. 不要包含原有上句。
4. 不要补全整首诗。
5. 不要输出“下句：”“续写：”“答案：”“解释：”等任何前缀。
6. 不要使用引号包裹。<|assistant|>",独坐小窗人语寂,独 坐 小 窗 人 语 寂,"[""停 车 坐 爱 枫 林 晚""]",0.033031643180138064,0.14285714285714285,3.3,14.29,
P038,prefix_continuation,相思,下一句续写,愿君多采撷,"[""此物最相思。""]","[gMASK]<sop><|system|>
你是一名擅长中文古典诗词续写的助手。请严格根据用户给定的上句续写下一句。你的输出必须只有续写的下一句本身，禁止输出标题、解释、原句、序号、引号或任何说明文字。<|user|>
请根据上句“愿君多采撷”，续写下一句。硬性要求：
1. 只输出一行。
2. 只输出续写下句本身。
3. 不要包含原有上句。
4. 不要补全整首诗。
5. 不要输出“下句：”“续写：”“答案：”“解释：”等任何前缀。
6. 不要使用引号包裹。<|assistant|>",莫叹去程赊。,莫 叹 去 程 赊,"[""此 物 最 相 思""]",0.0,0.0,0.0,0.0,
P045,prefix_continuation,春山,下一句续写,人闲桂花落,"[""夜静春山空。""]","[gMASK]<sop><|system|>
你是一名擅长中文古典诗词续写的助手。请严格根据用户给定的上句续写下一句。你的输出必须只有续写的下一句本身，禁止输出标题、解释、原句、序号、引号或任何说明文字。<|user|>
请根据上句“人闲桂花落”，续写下一句。硬性要求：
1. 只输出一行。
2. 只输出续写下句本身。
3. 不要包含原有上句。
4. 不要补全整首诗。
5. 不要输出“下句：”“续写：”“答案：”“解释：”等任何前缀。
6. 不要使用引号包裹。<|assistant|>",夜静春山空,夜 静 春 山 空,"[""夜 静 春 山 空""]",1.0,1.0,100.0,100.0,
P079,prefix_continuation,送别,下一句续写,寒雨连江夜入吴,"[""平明送客楚山孤。""]","[gMASK]<sop><|system|>
你是一名擅长中文古典诗词续写的助手。请严格根据用户给定的上句续写下一句。你的输出必须只有续写的下一句本身，禁止输出标题、解释、原句、序号、引号或任何说明文字。<|user|>
请根据上句“寒雨连江夜入吴”，续写下一句。硬性要求：
1. 只输出一行。
2. 只输出续写下句本身。
3. 不要包含原有上句。
4. 不要补全整首诗。
5. 不要输出“下句：”“续写：”“答案：”“解释：”等任何前缀。
6. 不要使用引号包裹。<|assistant|>",天寒梦断巴陵路,天 寒 梦 断 巴 陵 路,"[""平 明 送 客 楚 山 孤""]",0.0,0.0,0.0,0.0,
P099,prefix_continuation,思乡,下一句续写,钟山只隔数重山,"[""春风又绿江南岸。""]","[gMASK]<sop><|system|>
你是一名擅长中文古典诗词续写的助手。请严格根据用户给定的上句续写下一句。你的输出必须只有续写的下一句本身，禁止输出标题、解释、原句、序号、引号或任何说明文字。<|user|>
请根据上句“钟山只隔数重山”，续写下一句。硬性要求：
1. 只输出一行。
2. 只输出续写下句本身。
3. 不要包含原有上句。
4. 不要补全整首诗。
5. 不要输出“下句：”“续写：”“答案：”“解释：”等任何前缀。
6. 不要使用引号包裹。<|assistant|>",江水无情似有情,江 水 无 情 似 有 情,"[""春 风 又 绿 江 南 岸""]",0.033031643180138064,0.14285714285714285,3.3,14.29,
P051,prefix_continuation,怀古,下一句续写,功盖三分国,"[""名成八阵图。""]","[gMASK]<sop><|system|>
你是一名擅长中文古典诗词续写的助手。请严格根据用户给定的上句续写下一句。你的输出必须只有续写的下一句本身，禁止输出标题、解释、原句、序号、引号或任何说明文字。<|user|>
请根据上句“功盖三分国”，续写下一句。硬性要求：
1. 只输出一行。
2. 只输出续写下句本身。
3. 不要包含原有上句。
4. 不要补全整首诗。
5. 不要输出“下句：”“续写：”“答案：”“解释：”等任何前缀。
6. 不要使用引号包裹。<|assistant|>",名高八阵兵。,名 高 八 阵 兵,"[""名 成 八 阵 图""]",0.12574334296829354,0.6,12.57,60.0,
P063,prefix_continuation,怀旧,下一句续写,岐王宅里寻常见,"[""崔九堂前几度闻。""]","[gMASK]<sop><|system|>
你是一名擅长中文古典诗词续写的助手。请严格根据用户给定的上句续写下一句。你的输出必须只有续写的下一句本身，禁止输出标题、解释、原句、序号、引号或任何说明文字。<|user|>
请根据上句“岐王宅里寻常见”，续写下一句。硬性要求：
1. 只输出一行。
2. 只输出续写下句本身。
3. 不要包含原有上句。
4. 不要补全整首诗。
5. 不要输出“下句：”“续写：”“答案：”“解释：”等任何前缀。
6. 不要使用引号包裹。<|assistant|>",山寺楼台近，,山 寺 楼 台 近,"[""崔 九 堂 前 几 度 闻""]",0.0,0.0,0.0,0.0,
P046,prefix_continuation,春山,下一句续写,夜静春山空,"[""月出惊山鸟。""]","[gMASK]<sop><|system|>
你是一名擅长中文古典诗词续写的助手。请严格根据用户给定的上句续写下一句。你的输出必须只有续写的下一句本身，禁止输出标题、解释、原句、序号、引号或任何说明文字。<|user|>
请根据上句“夜静春山空”，续写下一句。硬性要求：
1. 只输出一行。
2. 只输出续写下句本身。
3. 不要包含原有上句。
4. 不要补全整首诗。
5. 不要输出“下句：”“续写：”“答案：”“解释：”等任何前缀。
6. 不要使用引号包裹。<|assistant|>",鸟啼花落人,鸟 啼 花 落 人,"[""月 出 惊 山 鸟""]",0.05372849659117709,0.20000000000000004,5.37,20.0,
P050,prefix_continuation,山林,下一句续写,但闻人语响,"[""返景入深林。""]","[gMASK]<sop><|system|>
你是一名擅长中文古典诗词续写的助手。请严格根据用户给定的上句续写下一句。你的输出必须只有续写的下一句本身，禁止输出标题、解释、原句、序号、引号或任何说明文字。<|user|>
请根据上句“但闻人语响”，续写下一句。硬性要求：
1. 只输出一行。
2. 只输出续写下句本身。
3. 不要包含原有上句。
4. 不要补全整首诗。
5. 不要输出“下句：”“续写：”“答案：”“解释：”等任何前缀。
6. 不要使用引号包裹。<|assistant|>",只闻人语响,只 闻 人 语 响,"[""返 景 入 深 林""]",0.0,0.0,0.0,0.0,
P048,prefix_continuation,山林,下一句续写,返景入深林,"[""复照青苔上。""]","[gMASK]<sop><|system|>
你是一名擅长中文古典诗词续写的助手。请严格根据用户给定的上句续写下一句。你的输出必须只有续写的下一句本身，禁止输出标题、解释、原句、序号、引号或任何说明文字。<|user|>
请根据上句“返景入深林”，续写下一句。硬性要求：
1. 只输出一行。
2. 只输出续写下句本身。
3. 不要包含原有上句。
4. 不要补全整首诗。
5. 不要输出“下句：”“续写：”“答案：”“解释：”等任何前缀。
6. 不要使用引号包裹。<|assistant|>",月斜归径转,月 斜 归 径 转,"[""复 照 青 苔 上""]",0.0,0.0,0.0,0.0,
P105,prefix_continuation,西湖,下一句续写,山色空蒙雨亦奇,"[""欲把西湖比西子。""]","[gMASK]<sop><|system|>
你是一名擅长中文古典诗词续写的助手。请严格根据用户给定的上句续写下一句。你的输出必须只有续写的下一句本身，禁止输出标题、解释、原句、序号、引号或任何说明文字。<|user|>
请根据上句“山色空蒙雨亦奇”，续写下一句。硬性要求：
1. 只输出一行。
2. 只输出续写下句本身。
3. 不要包含原有上句。
4. 不要补全整首诗。
5. 不要输出“下句：”“续写：”“答案：”“解释：”等任何前缀。
6. 不要使用引号包裹。<|assistant|>",千树寒香无觅处,千 树 寒 香 无 觅 处,"[""欲 把 西 湖 比 西 子""]",0.0,0.0,0.0,0.0,
P056,prefix_continuation,春景,下一句续写,泥融飞燕子,"[""沙暖睡鸳鸯。""]","[gMASK]<sop><|system|>
你是一名擅长中文古典诗词续写的助手。请严格根据用户给定的上句续写下一句。你的输出必须只有续写的下一句本身，禁止输出标题、解释、原句、序号、引号或任何说明文字。<|user|>
请根据上句“泥融飞燕子”，续写下一句。硬性要求：
1. 只输出一行。
2. 只输出续写下句本身。
3. 不要包含原有上句。
4. 不要补全整首诗。
5. 不要输出“下句：”“续写：”“答案：”“解释：”等任何前缀。
6. 不要使用引号包裹。<|assistant|>",风暖鸭雏浮,风 暖 鸭 雏 浮,"[""沙 暖 睡 鸳 鸯""]",0.05372849659117709,0.20000000000000004,5.37,20.0,
P090,prefix_continuation,回乡,下一句续写,乡音无改鬓毛衰,"[""儿童相见不相识。""]","[gMASK]<sop><|system|>
你是一名擅长中文古典诗词续写的助手。请严格根据用户给定的上句续写下一句。你的输出必须只有续写的下一句本身，禁止输出标题、解释、原句、序号、引号或任何说明文字。<|user|>
请根据上句“乡音无改鬓毛衰”，续写下一句。硬性要求：
1. 只输出一行。
2. 只输出续写下句本身。
3. 不要包含原有上句。
4. 不要补全整首诗。
5. 不要输出“下句：”“续写：”“答案：”“解释：”等任何前缀。
6. 不要使用引号包裹。<|assistant|>",世味渐消人渐懒,世 味 渐 消 人 渐 懒,"[""儿 童 相 见 不 相 识""]",0.0,0.0,0.0,0.0,
P013,prefix_continuation,送别,下一句续写,孤帆远影碧空尽,"[""唯见长江天际流。""]","[gMASK]<sop><|system|>
你是一名擅长中文古典诗词续写的助手。请严格根据用户给定的上句续写下一句。你的输出必须只有续写的下一句本身，禁止输出标题、解释、原句、序号、引号或任何说明文字。<|user|>
请根据上句“孤帆远影碧空尽”，续写下一句。硬性要求：
1. 只输出一行。
2. 只输出续写下句本身。
3. 不要包含原有上句。
4. 不要补全整首诗。
5. 不要输出“下句：”“续写：”“答案：”“解释：”等任何前缀。
6. 不要使用引号包裹。<|assistant|>",海气昏白昼，,海 气 昏 白 昼,"[""唯 见 长 江 天 际 流""]",0.0,0.0,0.0,0.0,
P037,prefix_continuation,相思,下一句续写,春来发几枝,"[""愿君多采撷。""]","[gMASK]<sop><|system|>
你是一名擅长中文古典诗词续写的助手。请严格根据用户给定的上句续写下一句。你的输出必须只有续写的下一句本身，禁止输出标题、解释、原句、序号、引号或任何说明文字。<|user|>
请根据上句“春来发几枝”，续写下一句。硬性要求：
1. 只输出一行。
2. 只输出续写下句本身。
3. 不要包含原有上句。
4. 不要补全整首诗。
5. 不要输出“下句：”“续写：”“答案：”“解释：”等任何前缀。
6. 不要使用引号包裹。<|assistant|>",香风十里过,香 风 十 里 过,"[""愿 君 多 采 撷""]",0.0,0.0,0.0,0.0,
P024,prefix_continuation,边塞,下一句续写,葡萄美酒夜光杯,"[""欲饮琵琶马上催。""]","[gMASK]<sop><|system|>
你是一名擅长中文古典诗词续写的助手。请严格根据用户给定的上句续写下一句。你的输出必须只有续写的下一句本身，禁止输出标题、解释、原句、序号、引号或任何说明文字。<|user|>
请根据上句“葡萄美酒夜光杯”，续写下一句。硬性要求：
1. 只输出一行。
2. 只输出续写下句本身。
3. 不要包含原有上句。
4. 不要补全整首诗。
5. 不要输出“下句：”“续写：”“答案：”“解释：”等任何前缀。
6. 不要使用引号包裹。<|assistant|>",玉龙衔雨过瑶台,玉 龙 衔 雨 过 瑶 台,"[""欲 饮 琵 琶 马 上 催""]",0.0,0.0,0.0,0.0,
P040,prefix_continuation,寻隐,下一句续写,言师采药去,"[""只在此山中。""]","[gMASK]<sop><|system|>
你是一名擅长中文古典诗词续写的助手。请严格根据用户给定的上句续写下一句。你的输出必须只有续写的下一句本身，禁止输出标题、解释、原句、序号、引号或任何说明文字。<|user|>
请根据上句“言师采药去”，续写下一句。硬性要求：
1. 只输出一行。
2. 只输出续写下句本身。
3. 不要包含原有上句。
4. 不要补全整首诗。
5. 不要输出“下句：”“续写：”“答案：”“解释：”等任何前缀。
6. 不要使用引号包裹。<|assistant|>",此是临平山,此 是 临 平 山,"[""只 在 此 山 中""]",0.06389431042462725,0.4000000000000001,6.39,40.0,
P041,prefix_continuation,寻隐,下一句续写,只在此山中,"[""云深不知处。""]","[gMASK]<sop><|system|>
你是一名擅长中文古典诗词续写的助手。请严格根据用户给定的上句续写下一句。你的输出必须只有续写的下一句本身，禁止输出标题、解释、原句、序号、引号或任何说明文字。<|user|>
请根据上句“只在此山中”，续写下一句。硬性要求：
1. 只输出一行。
2. 只输出续写下句本身。
3. 不要包含原有上句。
4. 不要补全整首诗。
5. 不要输出“下句：”“续写：”“答案：”“解释：”等任何前缀。
6. 不要使用引号包裹。<|assistant|>",今朝有酒今,今 朝 有 酒 今,"[""云 深 不 知 处""]",0.0,0.0,0.0,0.0,
P019,prefix_continuation,春雨,下一句续写,天街小雨润如酥,"[""草色遥看近却无。""]","[gMASK]<sop><|system|>
你是一名擅长中文古典诗词续写的助手。请严格根据用户给定的上句续写下一句。你的输出必须只有续写的下一句本身，禁止输出标题、解释、原句、序号、引号或任何说明文字。<|user|>
请根据上句“天街小雨润如酥”，续写下一句。硬性要求：
1. 只输出一行。
2. 只输出续写下句本身。
3. 不要包含原有上句。
4. 不要补全整首诗。
5. 不要输出“下句：”“续写：”“答案：”“解释：”等任何前缀。
6. 不要使用引号包裹。<|assistant|>",溪雨晴时春水生,溪 雨 晴 时 春 水 生,"[""草 色 遥 看 近 却 无""]",0.0,0.0,0.0,0.0,
P080,prefix_continuation,送别,下一句续写,平明送客楚山孤,"[""洛阳亲友如相问。""]","[gMASK]<sop><|system|>
你是一名擅长中文古典诗词续写的助手。请严格根据用户给定的上句续写下一句。你的输出必须只有续写的下一句本身，禁止输出标题、解释、原句、序号、引号或任何说明文字。<|user|>
请根据上句“平明送客楚山孤”，续写下一句。硬性要求：
1. 只输出一行。
2. 只输出续写下句本身。
3. 不要包含原有上句。
4. 不要补全整首诗。
5. 不要输出“下句：”“续写：”“答案：”“解释：”等任何前缀。
6. 不要使用引号包裹。<|assistant|>",野旷行人少，,野 旷 行 人 少,"[""洛 阳 亲 友 如 相 问""]",0.0,0.0,0.0,0.0,
P006,prefix_continuation,山居,下一句续写,明月松间照,"[""清泉石上流。""]","[gMASK]<sop><|system|>
你是一名擅长中文古典诗词续写的助手。请严格根据用户给定的上句续写下一句。你的输出必须只有续写的下一句本身，禁止输出标题、解释、原句、序号、引号或任何说明文字。<|user|>
请根据上句“明月松间照”，续写下一句。硬性要求：
1. 只输出一行。
2. 只输出续写下句本身。
3. 不要包含原有上句。
4. 不要补全整首诗。
5. 不要输出“下句：”“续写：”“答案：”“解释：”等任何前缀。
6. 不要使用引号包裹。<|assistant|>",山光忽变晴,山 光 忽 变 晴,"[""清 泉 石 上 流""]",0.0,0.0,0.0,0.0,
P025,prefix_continuation,边塞,下一句续写,黄河远上白云间,"[""一片孤城万仞山。""]","[gMASK]<sop><|system|>
你是一名擅长中文古典诗词续写的助手。请严格根据用户给定的上句续写下一句。你的输出必须只有续写的下一句本身，禁止输出标题、解释、原句、序号、引号或任何说明文字。<|user|>
请根据上句“黄河远上白云间”，续写下一句。硬性要求：
1. 只输出一行。
2. 只输出续写下句本身。
3. 不要包含原有上句。
4. 不要补全整首诗。
5. 不要输出“下句：”“续写：”“答案：”“解释：”等任何前缀。
6. 不要使用引号包裹。<|assistant|>",白日溪桥两岸柳,白 日 溪 桥 两 岸 柳,"[""一 片 孤 城 万 仞 山""]",0.0,0.0,0.0,0.0,
P008,prefix_continuation,壮志,下一句续写,会当凌绝顶,"[""一览众山小。""]","[gMASK]<sop><|system|>
你是一名擅长中文古典诗词续写的助手。请严格根据用户给定的上句续写下一句。你的输出必须只有续写的下一句本身，禁止输出标题、解释、原句、序号、引号或任何说明文字。<|user|>
请根据上句“会当凌绝顶”，续写下一句。硬性要求：
1. 只输出一行。
2. 只输出续写下句本身。
3. 不要包含原有上句。
4. 不要补全整首诗。
5. 不要输出“下句：”“续写：”“答案：”“解释：”等任何前缀。
6. 不要使用引号包裹。<|assistant|>",未收丹凤诏,未 收 丹 凤 诏,"[""一 览 众 山 小""]",0.0,0.0,0.0,0.0,
P035,prefix_continuation,江夜,下一句续写,野旷天低树,"[""江清月近人。""]","[gMASK]<sop><|system|>
你是一名擅长中文古典诗词续写的助手。请严格根据用户给定的上句续写下一句。你的输出必须只有续写的下一句本身，禁止输出标题、解释、原句、序号、引号或任何说明文字。<|user|>
请根据上句“野旷天低树”，续写下一句。硬性要求：
1. 只输出一行。
2. 只输出续写下句本身。
3. 不要包含原有上句。
4. 不要补全整首诗。
5. 不要输出“下句：”“续写：”“答案：”“解释：”等任何前缀。
6. 不要使用引号包裹。<|assistant|>",寒深山径雪,寒 深 山 径 雪,"[""江 清 月 近 人""]",0.0,0.0,0.0,0.0,
P086,prefix_continuation,秋夕,下一句续写,银烛秋光冷画屏,"[""轻罗小扇扑流萤。""]","[gMASK]<sop><|system|>
你是一名擅长中文古典诗词续写的助手。请严格根据用户给定的上句续写下一句。你的输出必须只有续写的下一句本身，禁止输出标题、解释、原句、序号、引号或任何说明文字。<|user|>
请根据上句“银烛秋光冷画屏”，续写下一句。硬性要求：
1. 只输出一行。
2. 只输出续写下句本身。
3. 不要包含原有上句。
4. 不要补全整首诗。
5. 不要输出“下句：”“续写：”“答案：”“解释：”等任何前缀。
6. 不要使用引号包裹。<|assistant|>",香袅烟轻散，,香 袅 烟 轻 散,"[""轻 罗 小 扇 扑 流 萤""]",0.036015288308423515,0.16666666666666666,3.6,16.67,
P047,prefix_continuation,春山,下一句续写,月出惊山鸟,"[""时鸣春涧中。""]","[gMASK]<sop><|system|>
你是一名擅长中文古典诗词续写的助手。请严格根据用户给定的上句续写下一句。你的输出必须只有续写的下一句本身，禁止输出标题、解释、原句、序号、引号或任何说明文字。<|user|>
请根据上句“月出惊山鸟”，续写下一句。硬性要求：
1. 只输出一行。
2. 只输出续写下句本身。
3. 不要包含原有上句。
4. 不要补全整首诗。
5. 不要输出“下句：”“续写：”“答案：”“解释：”等任何前缀。
6. 不要使用引号包裹。<|assistant|>",秋风吹鬓发,秋 风 吹 鬓 发,"[""时 鸣 春 涧 中""]",0.0,0.0,0.0,0.0,
P003,prefix_continuation,登高,下一句续写,白日依山尽,"[""黄河入海流。""]","[gMASK]<sop><|system|>
你是一名擅长中文古典诗词续写的助手。请严格根据用户给定的上句续写下一句。你的输出必须只有续写的下一句本身，禁止输出标题、解释、原句、序号、引号或任何说明文字。<|user|>
请根据上句“白日依山尽”，续写下一句。硬性要求：
1. 只输出一行。
2. 只输出续写下句本身。
3. 不要包含原有上句。
4. 不要补全整首诗。
5. 不要输出“下句：”“续写：”“答案：”“解释：”等任何前缀。
6. 不要使用引号包裹。<|assistant|>",云霞明灭天,云 霞 明 灭 天,"[""黄 河 入 海 流""]",0.0,0.0,0.0,0.0,
P052,prefix_continuation,怀古,下一句续写,名成八阵图,"[""江流石不转。""]","[gMASK]<sop><|system|>
你是一名擅长中文古典诗词续写的助手。请严格根据用户给定的上句续写下一句。你的输出必须只有续写的下一句本身，禁止输出标题、解释、原句、序号、引号或任何说明文字。<|user|>
请根据上句“名成八阵图”，续写下一句。硬性要求：
1. 只输出一行。
2. 只输出续写下句本身。
3. 不要包含原有上句。
4. 不要补全整首诗。
5. 不要输出“下句：”“续写：”“答案：”“解释：”等任何前缀。
6. 不要使用引号包裹。<|assistant|>",一夫当关，,一 夫 当 关,"[""江 流 石 不 转""]",0.0,0.0,0.0,0.0,
P017,prefix_continuation,中秋,下一句续写,但愿人长久,"[""千里共婵娟。""]","[gMASK]<sop><|system|>
你是一名擅长中文古典诗词续写的助手。请严格根据用户给定的上句续写下一句。你的输出必须只有续写的下一句本身，禁止输出标题、解释、原句、序号、引号或任何说明文字。<|user|>
请根据上句“但愿人长久”，续写下一句。硬性要求：
1. 只输出一行。
2. 只输出续写下句本身。
3. 不要包含原有上句。
4. 不要补全整首诗。
5. 不要输出“下句：”“续写：”“答案：”“解释：”等任何前缀。
6. 不要使用引号包裹。<|assistant|>",不须折尽门,不 须 折 尽 门,"[""千 里 共 婵 娟""]",0.0,0.0,0.0,0.0,
P039,prefix_continuation,寻隐,下一句续写,松下问童子,"[""言师采药去。""]","[gMASK]<sop><|system|>
你是一名擅长中文古典诗词续写的助手。请严格根据用户给定的上句续写下一句。你的输出必须只有续写的下一句本身，禁止输出标题、解释、原句、序号、引号或任何说明文字。<|user|>
请根据上句“松下问童子”，续写下一句。硬性要求：
1. 只输出一行。
2. 只输出续写下句本身。
3. 不要包含原有上句。
4. 不要补全整首诗。
5. 不要输出“下句：”“续写：”“答案：”“解释：”等任何前缀。
6. 不要使用引号包裹。<|assistant|>",路入幽丛深,路 入 幽 丛 深,"[""言 师 采 药 去""]",0.0,0.0,0.0,0.0,
P062,prefix_continuation,春景,下一句续写,窗含西岭千秋雪,"[""门泊东吴万里船。""]","[gMASK]<sop><|system|>
你是一名擅长中文古典诗词续写的助手。请严格根据用户给定的上句续写下一句。你的输出必须只有续写的下一句本身，禁止输出标题、解释、原句、序号、引号或任何说明文字。<|user|>
请根据上句“窗含西岭千秋雪”，续写下一句。硬性要求：
1. 只输出一行。
2. 只输出续写下句本身。
3. 不要包含原有上句。
4. 不要补全整首诗。
5. 不要输出“下句：”“续写：”“答案：”“解释：”等任何前缀。
6. 不要使用引号包裹。<|assistant|>",天际浮云几度新,天 际 浮 云 几 度 新,"[""门 泊 东 吴 万 里 船""]",0.0,0.0,0.0,0.0,
P106,prefix_continuation,西湖,下一句续写,欲把西湖比西子,"[""淡妆浓抹总相宜。""]","[gMASK]<sop><|system|>
你是一名擅长中文古典诗词续写的助手。请严格根据用户给定的上句续写下一句。你的输出必须只有续写的下一句本身，禁止输出标题、解释、原句、序号、引号或任何说明文字。<|user|>
请根据上句“欲把西湖比西子”，续写下一句。硬性要求：
1. 只输出一行。
2. 只输出续写下句本身。
3. 不要包含原有上句。
4. 不要补全整首诗。
5. 不要输出“下句：”“续写：”“答案：”“解释：”等任何前缀。
6. 不要使用引号包裹。<|assistant|>",烟波春水绿生纹,烟 波 春 水 绿 生 纹,"[""淡 妆 浓 抹 总 相 宜""]",0.0,0.0,0.0,0.0,
P023,prefix_continuation,夜泊,下一句续写,月落乌啼霜满天,"[""江枫渔火对愁眠。""]","[gMASK]<sop><|system|>
你是一名擅长中文古典诗词续写的助手。请严格根据用户给定的上句续写下一句。你的输出必须只有续写的下一句本身，禁止输出标题、解释、原句、序号、引号或任何说明文字。<|user|>
请根据上句“月落乌啼霜满天”，续写下一句。硬性要求：
1. 只输出一行。
2. 只输出续写下句本身。
3. 不要包含原有上句。
4. 不要补全整首诗。
5. 不要输出“下句：”“续写：”“答案：”“解释：”等任何前缀。
6. 不要使用引号包裹。<|assistant|>",玉蟾偏傍水晶盘。,玉 蟾 偏 傍 水 晶 盘,"[""江 枫 渔 火 对 愁 眠""]",0.0,0.0,0.0,0.0,
P007,prefix_continuation,边塞,下一句续写,大漠孤烟直,"[""长河落日圆。""]","[gMASK]<sop><|system|>
你是一名擅长中文古典诗词续写的助手。请严格根据用户给定的上句续写下一句。你的输出必须只有续写的下一句本身，禁止输出标题、解释、原句、序号、引号或任何说明文字。<|user|>
请根据上句“大漠孤烟直”，续写下一句。硬性要求：
1. 只输出一行。
2. 只输出续写下句本身。
3. 不要包含原有上句。
4. 不要补全整首诗。
5. 不要输出“下句：”“续写：”“答案：”“解释：”等任何前缀。
6. 不要使用引号包裹。<|assistant|>",一丘藏古木,一 丘 藏 古 木,"[""长 河 落 日 圆""]",0.0,0.0,0.0,0.0,
P049,prefix_continuation,山林,下一句续写,空山不见人,"[""但闻人语响。""]","[gMASK]<sop><|system|>
你是一名擅长中文古典诗词续写的助手。请严格根据用户给定的上句续写下一句。你的输出必须只有续写的下一句本身，禁止输出标题、解释、原句、序号、引号或任何说明文字。<|user|>
请根据上句“空山不见人”，续写下一句。硬性要求：
1. 只输出一行。
2. 只输出续写下句本身。
3. 不要包含原有上句。
4. 不要补全整首诗。
5. 不要输出“下句：”“续写：”“答案：”“解释：”等任何前缀。
6. 不要使用引号包裹。<|assistant|>",竹杖芒鞋轻,竹 杖 芒 鞋 轻,"[""但 闻 人 语 响""]",0.0,0.0,0.0,0.0,
P088,prefix_continuation,秋夕,下一句续写,天阶夜色凉如水,"[""卧看牵牛织女星。""]","[gMASK]<sop><|system|>
你是一名擅长中文古典诗词续写的助手。请严格根据用户给定的上句续写下一句。你的输出必须只有续写的下一句本身，禁止输出标题、解释、原句、序号、引号或任何说明文字。<|user|>
请根据上句“天阶夜色凉如水”，续写下一句。硬性要求：
1. 只输出一行。
2. 只输出续写下句本身。
3. 不要包含原有上句。
4. 不要补全整首诗。
5. 不要输出“下句：”“续写：”“答案：”“解释：”等任何前缀。
6. 不要使用引号包裹。<|assistant|>",仙桂无根移不得,仙 桂 无 根 移 不 得,"[""卧 看 牵 牛 织 女 星""]",0.0,0.0,0.0,0.0,
P097,prefix_continuation,山水,下一句续写,不识庐山真面目,"[""只缘身在此山中。""]","[gMASK]<sop><|system|>
你是一名擅长中文古典诗词续写的助手。请严格根据用户给定的上句续写下一句。你的输出必须只有续写的下一句本身，禁止输出标题、解释、原句、序号、引号或任何说明文字。<|user|>
请根据上句“不识庐山真面目”，续写下一句。硬性要求：
1. 只输出一行。
2. 只输出续写下句本身。
3. 不要包含原有上句。
4. 不要补全整首诗。
5. 不要输出“下句：”“续写：”“答案：”“解释：”等任何前缀。
6. 不要使用引号包裹。<|assistant|>",江水风烟今古情,江 水 风 烟 今 古 情,"[""只 缘 身 在 此 山 中""]",0.0,0.0,0.0,0.0,
P071,prefix_continuation,送别,下一句续写,渭城朝雨浥轻尘,"[""客舍青青柳色新。""]","[gMASK]<sop><|system|>
你是一名擅长中文古典诗词续写的助手。请严格根据用户给定的上句续写下一句。你的输出必须只有续写的下一句本身，禁止输出标题、解释、原句、序号、引号或任何说明文字。<|user|>
请根据上句“渭城朝雨浥轻尘”，续写下一句。硬性要求：
1. 只输出一行。
2. 只输出续写下句本身。
3. 不要包含原有上句。
4. 不要补全整首诗。
5. 不要输出“下句：”“续写：”“答案：”“解释：”等任何前缀。
6. 不要使用引号包裹。<|assistant|>",晓风残月满空悲,晓 风 残 月 满 空 悲,"[""客 舍 青 青 柳 色 新""]",0.0,0.0,0.0,0.0,
P096,prefix_continuation,山水,下一句续写,远近高低各不同,"[""不识庐山真面目。""]","[gMASK]<sop><|system|>
你是一名擅长中文古典诗词续写的助手。请严格根据用户给定的上句续写下一句。你的输出必须只有续写的下一句本身，禁止输出标题、解释、原句、序号、引号或任何说明文字。<|user|>
请根据上句“远近高低各不同”，续写下一句。硬性要求：
1. 只输出一行。
2. 只输出续写下句本身。
3. 不要包含原有上句。
4. 不要补全整首诗。
5. 不要输出“下句：”“续写：”“答案：”“解释：”等任何前缀。
6. 不要使用引号包裹。<|assistant|>",近水远山相掩映,近 水 远 山 相 掩 映,"[""不 识 庐 山 真 面 目""]",0.033031643180138064,0.14285714285714285,3.3,14.29,
P020,prefix_continuation,夏日,下一句续写,小荷才露尖尖角,"[""早有蜻蜓立上头。""]","[gMASK]<sop><|system|>
你是一名擅长中文古典诗词续写的助手。请严格根据用户给定的上句续写下一句。你的输出必须只有续写的下一句本身，禁止输出标题、解释、原句、序号、引号或任何说明文字。<|user|>
请根据上句“小荷才露尖尖角”，续写下一句。硬性要求：
1. 只输出一行。
2. 只输出续写下句本身。
3. 不要包含原有上句。
4. 不要补全整首诗。
5. 不要输出“下句：”“续写：”“答案：”“解释：”等任何前缀。
6. 不要使用引号包裹。<|assistant|>",雨径无人独自行,雨 径 无 人 独 自 行,"[""早 有 蜻 蜓 立 上 头""]",0.0,0.0,0.0,0.0,
P075,prefix_continuation,边塞,下一句续写,但使龙城飞将在,"[""不教胡马度阴山。""]","[gMASK]<sop><|system|>
你是一名擅长中文古典诗词续写的助手。请严格根据用户给定的上句续写下一句。你的输出必须只有续写的下一句本身，禁止输出标题、解释、原句、序号、引号或任何说明文字。<|user|>
请根据上句“但使龙城飞将在”，续写下一句。硬性要求：
1. 只输出一行。
2. 只输出续写下句本身。
3. 不要包含原有上句。
4. 不要补全整首诗。
5. 不要输出“下句：”“续写：”“答案：”“解释：”等任何前缀。
6. 不要使用引号包裹。<|assistant|>",只须此去莫辞劳,只 须 此 去 莫 辞 劳,"[""不 教 胡 马 度 阴 山""]",0.0,0.0,0.0,0.0,
P044,prefix_continuation,竹林,下一句续写,深林人不知,"[""明月来相照。""]","[gMASK]<sop><|system|>
你是一名擅长中文古典诗词续写的助手。请严格根据用户给定的上句续写下一句。你的输出必须只有续写的下一句本身，禁止输出标题、解释、原句、序号、引号或任何说明文字。<|user|>
请根据上句“深林人不知”，续写下一句。硬性要求：
1. 只输出一行。
2. 只输出续写下句本身。
3. 不要包含原有上句。
4. 不要补全整首诗。
5. 不要输出“下句：”“续写：”“答案：”“解释：”等任何前缀。
6. 不要使用引号包裹。<|assistant|>",只知有路通,只 知 有 路 通,"[""明 月 来 相 照""]",0.0,0.0,0.0,0.0,
P091,prefix_continuation,回乡,下一句续写,儿童相见不相识,"[""笑问客从何处来。""]","[gMASK]<sop><|system|>
你是一名擅长中文古典诗词续写的助手。请严格根据用户给定的上句续写下一句。你的输出必须只有续写的下一句本身，禁止输出标题、解释、原句、序号、引号或任何说明文字。<|user|>
请根据上句“儿童相见不相识”，续写下一句。硬性要求：
1. 只输出一行。
2. 只输出续写下句本身。
3. 不要包含原有上句。
4. 不要补全整首诗。
5. 不要输出“下句：”“续写：”“答案：”“解释：”等任何前缀。
6. 不要使用引号包裹。<|assistant|>",人皆知爱子，,人 皆 知 爱 子,"[""笑 问 客 从 何 处 来""]",0.0,0.0,0.0,0.0,
P021,prefix_continuation,冬夜,下一句续写,柴门闻犬吠,"[""风雪夜归人。""]","[gMASK]<sop><|system|>
你是一名擅长中文古典诗词续写的助手。请严格根据用户给定的上句续写下一句。你的输出必须只有续写的下一句本身，禁止输出标题、解释、原句、序号、引号或任何说明文字。<|user|>
请根据上句“柴门闻犬吠”，续写下一句。硬性要求：
1. 只输出一行。
2. 只输出续写下句本身。
3. 不要包含原有上句。
4. 不要补全整首诗。
5. 不要输出“下句：”“续写：”“答案：”“解释：”等任何前缀。
6. 不要使用引号包裹。<|assistant|>",一叶扁舟去,一 叶 扁 舟 去,"[""风 雪 夜 归 人""]",0.0,0.0,0.0,0.0,
P001,prefix_continuation,思乡,下一句续写,举头望明月,"[""低头思故乡。""]","[gMASK]<sop><|system|>
你是一名擅长中文古典诗词续写的助手。请严格根据用户给定的上句续写下一句。你的输出必须只有续写的下一句本身，禁止输出标题、解释、原句、序号、引号或任何说明文字。<|user|>
请根据上句“举头望明月”，续写下一句。硬性要求：
1. 只输出一行。
2. 只输出续写下句本身。
3. 不要包含原有上句。
4. 不要补全整首诗。
5. 不要输出“下句：”“续写：”“答案：”“解释：”等任何前缀。
6. 不要使用引号包裹。<|assistant|>",低头思故乡。,低 头 思 故 乡,"[""低 头 思 故 乡""]",1.0,1.0,100.0,100.0,
P102,prefix_continuation,忧国,下一句续写,但悲不见九州同,"[""王师北定中原日。""]","[gMASK]<sop><|system|>
你是一名擅长中文古典诗词续写的助手。请严格根据用户给定的上句续写下一句。你的输出必须只有续写的下一句本身，禁止输出标题、解释、原句、序号、引号或任何说明文字。<|user|>
请根据上句“但悲不见九州同”，续写下一句。硬性要求：
1. 只输出一行。
2. 只输出续写下句本身。
3. 不要包含原有上句。
4. 不要补全整首诗。
5. 不要输出“下句：”“续写：”“答案：”“解释：”等任何前缀。
6. 不要使用引号包裹。<|assistant|>",山空水落寒潮尽,山 空 水 落 寒 潮 尽,"[""王 师 北 定 中 原 日""]",0.0,0.0,0.0,0.0,
P092,prefix_continuation,新年,下一句续写,爆竹声中一岁除,"[""春风送暖入屠苏。""]","[gMASK]<sop><|system|>
你是一名擅长中文古典诗词续写的助手。请严格根据用户给定的上句续写下一句。你的输出必须只有续写的下一句本身，禁止输出标题、解释、原句、序号、引号或任何说明文字。<|user|>
请根据上句“爆竹声中一岁除”，续写下一句。硬性要求：
1. 只输出一行。
2. 只输出续写下句本身。
3. 不要包含原有上句。
4. 不要补全整首诗。
5. 不要输出“下句：”“续写：”“答案：”“解释：”等任何前缀。
6. 不要使用引号包裹。<|assistant|>",天街小雨润如酥,天 街 小 雨 润 如 酥,"[""春 风 送 暖 入 屠 苏""]",0.0,0.0,0.0,0.0,
P058,prefix_continuation,春望,下一句续写,山青花欲燃,"[""今春看又过。""]","[gMASK]<sop><|system|>
你是一名擅长中文古典诗词续写的助手。请严格根据用户给定的上句续写下一句。你的输出必须只有续写的下一句本身，禁止输出标题、解释、原句、序号、引号或任何说明文字。<|user|>
请根据上句“山青花欲燃”，续写下一句。硬性要求：
1. 只输出一行。
2. 只输出续写下句本身。
3. 不要包含原有上句。
4. 不要补全整首诗。
5. 不要输出“下句：”“续写：”“答案：”“解释：”等任何前缀。
6. 不要使用引号包裹。<|assistant|>",千门万户掩,千 门 万 户 掩,"[""今 春 看 又 过""]",0.0,0.0,0.0,0.0,
P100,prefix_continuation,思乡,下一句续写,春风又绿江南岸,"[""明月何时照我还。""]","[gMASK]<sop><|system|>
你是一名擅长中文古典诗词续写的助手。请严格根据用户给定的上句续写下一句。你的输出必须只有续写的下一句本身，禁止输出标题、解释、原句、序号、引号或任何说明文字。<|user|>
请根据上句“春风又绿江南岸”，续写下一句。硬性要求：
1. 只输出一行。
2. 只输出续写下句本身。
3. 不要包含原有上句。
4. 不要补全整首诗。
5. 不要输出“下句：”“续写：”“答案：”“解释：”等任何前缀。
6. 不要使用引号包裹。<|assistant|>",春来未省识梅仙,春 来 未 省 识 梅 仙,"[""明 月 何 时 照 我 还""]",0.0,0.0,0.0,0.0,
P054,prefix_continuation,春景,下一句续写,迟日江山丽,"[""春风花草香。""]","[gMASK]<sop><|system|>
你是一名擅长中文古典诗词续写的助手。请严格根据用户给定的上句续写下一句。你的输出必须只有续写的下一句本身，禁止输出标题、解释、原句、序号、引号或任何说明文字。<|user|>
请根据上句“迟日江山丽”，续写下一句。硬性要求：
1. 只输出一行。
2. 只输出续写下句本身。
3. 不要包含原有上句。
4. 不要补全整首诗。
5. 不要输出“下句：”“续写：”“答案：”“解释：”等任何前缀。
6. 不要使用引号包裹。<|assistant|>",春风花草香。,春 风 花 草 香,"[""春 风 花 草 香""]",1.0,1.0,100.0,100.0,
P094,prefix_continuation,新年,下一句续写,千门万户曈曈日,"[""总把新桃换旧符。""]","[gMASK]<sop><|system|>
你是一名擅长中文古典诗词续写的助手。请严格根据用户给定的上句续写下一句。你的输出必须只有续写的下一句本身，禁止输出标题、解释、原句、序号、引号或任何说明文字。<|user|>
请根据上句“千门万户曈曈日”，续写下一句。硬性要求：
1. 只输出一行。
2. 只输出续写下句本身。
3. 不要包含原有上句。
4. 不要补全整首诗。
5. 不要输出“下句：”“续写：”“答案：”“解释：”等任何前缀。
6. 不要使用引号包裹。<|assistant|>",一叶双凫泛泛风。,一 叶 双 凫 泛 泛 风,"[""总 把 新 桃 换 旧 符""]",0.0,0.0,0.0,0.0,
P026,prefix_continuation,山水,下一句续写,日照香炉生紫烟,"[""遥看瀑布挂前川。""]","[gMASK]<sop><|system|>
你是一名擅长中文古典诗词续写的助手。请严格根据用户给定的上句续写下一句。你的输出必须只有续写的下一句本身，禁止输出标题、解释、原句、序号、引号或任何说明文字。<|user|>
请根据上句“日照香炉生紫烟”，续写下一句。硬性要求：
1. 只输出一行。
2. 只输出续写下句本身。
3. 不要包含原有上句。
4. 不要补全整首诗。
5. 不要输出“下句：”“续写：”“答案：”“解释：”等任何前缀。
6. 不要使用引号包裹。<|assistant|>",日出扶桑万顷波,日 出 扶 桑 万 顷 波,"[""遥 看 瀑 布 挂 前 川""]",0.0,0.0,0.0,0.0,
P072,prefix_continuation,送别,下一句续写,客舍青青柳色新,"[""劝君更尽一杯酒。""]","[gMASK]<sop><|system|>
你是一名擅长中文古典诗词续写的助手。请严格根据用户给定的上句续写下一句。你的输出必须只有续写的下一句本身，禁止输出标题、解释、原句、序号、引号或任何说明文字。<|user|>
请根据上句“客舍青青柳色新”，续写下一句。硬性要求：
1. 只输出一行。
2. 只输出续写下句本身。
3. 不要包含原有上句。
4. 不要补全整首诗。
5. 不要输出“下句：”“续写：”“答案：”“解释：”等任何前缀。
6. 不要使用引号包裹。<|assistant|>",玉溪春涨桃花急,玉 溪 春 涨 桃 花 急,"[""劝 君 更 尽 一 杯 酒""]",0.0,0.0,0.0,0.0,
P089,prefix_continuation,回乡,下一句续写,少小离家老大回,"[""乡音无改鬓毛衰。""]","[gMASK]<sop><|system|>
你是一名擅长中文古典诗词续写的助手。请严格根据用户给定的上句续写下一句。你的输出必须只有续写的下一句本身，禁止输出标题、解释、原句、序号、引号或任何说明文字。<|user|>
请根据上句“少小离家老大回”，续写下一句。硬性要求：
1. 只输出一行。
2. 只输出续写下句本身。
3. 不要包含原有上句。
4. 不要补全整首诗。
5. 不要输出“下句：”“续写：”“答案：”“解释：”等任何前缀。
6. 不要使用引号包裹。<|assistant|>",不将心事语雕笼,不 将 心 事 语 雕 笼,"[""乡 音 无 改 鬓 毛 衰""]",0.0,0.0,0.0,0.0,
P078,prefix_continuation,边塞,下一句续写,黄沙百战穿金甲,"[""不破楼兰终不还。""]","[gMASK]<sop><|system|>
你是一名擅长中文古典诗词续写的助手。请严格根据用户给定的上句续写下一句。你的输出必须只有续写的下一句本身，禁止输出标题、解释、原句、序号、引号或任何说明文字。<|user|>
请根据上句“黄沙百战穿金甲”，续写下一句。硬性要求：
1. 只输出一行。
2. 只输出续写下句本身。
3. 不要包含原有上句。
4. 不要补全整首诗。
5. 不要输出“下句：”“续写：”“答案：”“解释：”等任何前缀。
6. 不要使用引号包裹。<|assistant|>",紫髯将军死未还,紫 髯 将 军 死 未 还,"[""不 破 楼 兰 终 不 还""]",0.033031643180138064,0.14285714285714285,3.3,14.29,
P065,prefix_continuation,怀旧,下一句续写,正是江南好风景,"[""落花时节又逢君。""]","[gMASK]<sop><|system|>
你是一名擅长中文古典诗词续写的助手。请严格根据用户给定的上句续写下一句。你的输出必须只有续写的下一句本身，禁止输出标题、解释、原句、序号、引号或任何说明文字。<|user|>
请根据上句“正是江南好风景”，续写下一句。硬性要求：
1. 只输出一行。
2. 只输出续写下句本身。
3. 不要包含原有上句。
4. 不要补全整首诗。
5. 不要输出“下句：”“续写：”“答案：”“解释：”等任何前缀。
6. 不要使用引号包裹。<|assistant|>",正逢梅蕊动枝头。,正 逢 梅 蕊 动 枝 头,"[""落 花 时 节 又 逢 君""]",0.033031643180138064,0.14285714285714285,3.3,14.29,
P030,prefix_continuation,感怀,下一句续写,夕阳无限好,"[""只是近黄昏。""]","[gMASK]<sop><|system|>
你是一名擅长中文古典诗词续写的助手。请严格根据用户给定的上句续写下一句。你的输出必须只有续写的下一句本身，禁止输出标题、解释、原句、序号、引号或任何说明文字。<|user|>
请根据上句“夕阳无限好”，续写下一句。硬性要求：
1. 只输出一行。
2. 只输出续写下句本身。
3. 不要包含原有上句。
4. 不要补全整首诗。
5. 不要输出“下句：”“续写：”“答案：”“解释：”等任何前缀。
6. 不要使用引号包裹。<|assistant|>",黄昏独闭门,黄 昏 独 闭 门,"[""只 是 近 黄 昏""]",0.11362193664674995,0.4000000000000001,11.36,40.0,
P028,prefix_continuation,江雪,下一句续写,千山鸟飞绝,"[""万径人踪灭。""]","[gMASK]<sop><|system|>
你是一名擅长中文古典诗词续写的助手。请严格根据用户给定的上句续写下一句。你的输出必须只有续写的下一句本身，禁止输出标题、解释、原句、序号、引号或任何说明文字。<|user|>
请根据上句“千山鸟飞绝”，续写下一句。硬性要求：
1. 只输出一行。
2. 只输出续写下句本身。
3. 不要包含原有上句。
4. 不要补全整首诗。
5. 不要输出“下句：”“续写：”“答案：”“解释：”等任何前缀。
6. 不要使用引号包裹。<|assistant|>",万木蝉鸣稀。,万 木 蝉 鸣 稀,"[""万 径 人 踪 灭""]",0.05372849659117709,0.20000000000000004,5.37,20.0,
P093,prefix_continuation,新年,下一句续写,春风送暖入屠苏,"[""千门万户曈曈日。""]","[gMASK]<sop><|system|>
你是一名擅长中文古典诗词续写的助手。请严格根据用户给定的上句续写下一句。你的输出必须只有续写的下一句本身，禁止输出标题、解释、原句、序号、引号或任何说明文字。<|user|>
请根据上句“春风送暖入屠苏”，续写下一句。硬性要求：
1. 只输出一行。
2. 只输出续写下句本身。
3. 不要包含原有上句。
4. 不要补全整首诗。
5. 不要输出“下句：”“续写：”“答案：”“解释：”等任何前缀。
6. 不要使用引号包裹。<|assistant|>",香凝小院帘垂地,香 凝 小 院 帘 垂 地,"[""千 门 万 户 曈 曈 日""]",0.0,0.0,0.0,0.0,
P104,prefix_continuation,西湖,下一句续写,水光潋滟晴方好,"[""山色空蒙雨亦奇。""]","[gMASK]<sop><|system|>
你是一名擅长中文古典诗词续写的助手。请严格根据用户给定的上句续写下一句。你的输出必须只有续写的下一句本身，禁止输出标题、解释、原句、序号、引号或任何说明文字。<|user|>
请根据上句“水光潋滟晴方好”，续写下一句。硬性要求：
1. 只输出一行。
2. 只输出续写下句本身。
3. 不要包含原有上句。
4. 不要补全整首诗。
5. 不要输出“下句：”“续写：”“答案：”“解释：”等任何前缀。
6. 不要使用引号包裹。<|assistant|>",山色苍茫暮自横,山 色 苍 茫 暮 自 横,"[""山 色 空 蒙 雨 亦 奇""]",0.06985342056580097,0.2857142857142857,6.99,28.57,
P005,prefix_continuation,草原,下一句续写,野火烧不尽,"[""春风吹又生。""]","[gMASK]<sop><|system|>
你是一名擅长中文古典诗词续写的助手。请严格根据用户给定的上句续写下一句。你的输出必须只有续写的下一句本身，禁止输出标题、解释、原句、序号、引号或任何说明文字。<|user|>
请根据上句“野火烧不尽”，续写下一句。硬性要求：
1. 只输出一行。
2. 只输出续写下句本身。
3. 不要包含原有上句。
4. 不要补全整首诗。
5. 不要输出“下句：”“续写：”“答案：”“解释：”等任何前缀。
6. 不要使用引号包裹。<|assistant|>",只看云间字,只 看 云 间 字,"[""春 风 吹 又 生""]",0.0,0.0,0.0,0.0,
P055,prefix_continuation,春景,下一句续写,春风花草香,"[""泥融飞燕子。""]","[gMASK]<sop><|system|>
你是一名擅长中文古典诗词续写的助手。请严格根据用户给定的上句续写下一句。你的输出必须只有续写的下一句本身，禁止输出标题、解释、原句、序号、引号或任何说明文字。<|user|>
请根据上句“春风花草香”，续写下一句。硬性要求：
1. 只输出一行。
2. 只输出续写下句本身。
3. 不要包含原有上句。
4. 不要补全整首诗。
5. 不要输出“下句：”“续写：”“答案：”“解释：”等任何前缀。
6. 不要使用引号包裹。<|assistant|>",暖烟生草木,暖 烟 生 草 木,"[""泥 融 飞 燕 子""]",0.0,0.0,0.0,0.0,
P076,prefix_continuation,边塞,下一句续写,青海长云暗雪山,"[""孤城遥望玉门关。""]","[gMASK]<sop><|system|>
你是一名擅长中文古典诗词续写的助手。请严格根据用户给定的上句续写下一句。你的输出必须只有续写的下一句本身，禁止输出标题、解释、原句、序号、引号或任何说明文字。<|user|>
请根据上句“青海长云暗雪山”，续写下一句。硬性要求：
1. 只输出一行。
2. 只输出续写下句本身。
3. 不要包含原有上句。
4. 不要补全整首诗。
5. 不要输出“下句：”“续写：”“答案：”“解释：”等任何前缀。
6. 不要使用引号包裹。<|assistant|>",万国梦囘春雨细,万 国 梦 囘 春 雨 细,"[""孤 城 遥 望 玉 门 关""]",0.0,0.0,0.0,0.0,
P012,prefix_continuation,江行,下一句续写,两岸猿声啼不住,"[""轻舟已过万重山。""]","[gMASK]<sop><|system|>
你是一名擅长中文古典诗词续写的助手。请严格根据用户给定的上句续写下一句。你的输出必须只有续写的下一句本身，禁止输出标题、解释、原句、序号、引号或任何说明文字。<|user|>
请根据上句“两岸猿声啼不住”，续写下一句。硬性要求：
1. 只输出一行。
2. 只输出续写下句本身。
3. 不要包含原有上句。
4. 不要补全整首诗。
5. 不要输出“下句：”“续写：”“答案：”“解释：”等任何前缀。
6. 不要使用引号包裹。<|assistant|>",楼船夜雪瓜洲渡,楼 船 夜 雪 瓜 洲 渡,"[""轻 舟 已 过 万 重 山""]",0.0,0.0,0.0,0.0,
P070,prefix_continuation,送别,下一句续写,莫愁前路无知己,"[""天下谁人不识君。""]","[gMASK]<sop><|system|>
你是一名擅长中文古典诗词续写的助手。请严格根据用户给定的上句续写下一句。你的输出必须只有续写的下一句本身，禁止输出标题、解释、原句、序号、引号或任何说明文字。<|user|>
请根据上句“莫愁前路无知己”，续写下一句。硬性要求：
1. 只输出一行。
2. 只输出续写下句本身。
3. 不要包含原有上句。
4. 不要补全整首诗。
5. 不要输出“下句：”“续写：”“答案：”“解释：”等任何前缀。
6. 不要使用引号包裹。<|assistant|>",春来渐好无人识,春 来 渐 好 无 人 识,"[""天 下 谁 人 不 识 君""]",0.039281465090051315,0.2857142857142857,3.93,28.57,
P098,prefix_continuation,思乡,下一句续写,京口瓜洲一水间,"[""钟山只隔数重山。""]","[gMASK]<sop><|system|>
你是一名擅长中文古典诗词续写的助手。请严格根据用户给定的上句续写下一句。你的输出必须只有续写的下一句本身，禁止输出标题、解释、原句、序号、引号或任何说明文字。<|user|>
请根据上句“京口瓜洲一水间”，续写下一句。硬性要求：
1. 只输出一行。
2. 只输出续写下句本身。
3. 不要包含原有上句。
4. 不要补全整首诗。
5. 不要输出“下句：”“续写：”“答案：”“解释：”等任何前缀。
6. 不要使用引号包裹。<|assistant|>",钟山祇隔数重山。,钟 山 祇 隔 数 重 山,"[""钟 山 只 隔 数 重 山""]",0.488923022434901,0.8571428571428571,48.89,85.71,
P087,prefix_continuation,秋夕,下一句续写,轻罗小扇扑流萤,"[""天阶夜色凉如水。""]","[gMASK]<sop><|system|>
你是一名擅长中文古典诗词续写的助手。请严格根据用户给定的上句续写下一句。你的输出必须只有续写的下一句本身，禁止输出标题、解释、原句、序号、引号或任何说明文字。<|user|>
请根据上句“轻罗小扇扑流萤”，续写下一句。硬性要求：
1. 只输出一行。
2. 只输出续写下句本身。
3. 不要包含原有上句。
4. 不要补全整首诗。
5. 不要输出“下句：”“续写：”“答案：”“解释：”等任何前缀。
6. 不要使用引号包裹。<|assistant|>",水远山长归未得,水 远 山 长 归 未 得,"[""天 阶 夜 色 凉 如 水""]",0.033031643180138064,0.14285714285714285,3.3,14.29,
P014,prefix_continuation,荷花,下一句续写,接天莲叶无穷碧,"[""映日荷花别样红。""]","[gMASK]<sop><|system|>
你是一名擅长中文古典诗词续写的助手。请严格根据用户给定的上句续写下一句。你的输出必须只有续写的下一句本身，禁止输出标题、解释、原句、序号、引号或任何说明文字。<|user|>
请根据上句“接天莲叶无穷碧”，续写下一句。硬性要求：
1. 只输出一行。
2. 只输出续写下句本身。
3. 不要包含原有上句。
4. 不要补全整首诗。
5. 不要输出“下句：”“续写：”“答案：”“解释：”等任何前缀。
6. 不要使用引号包裹。<|assistant|>",一山放鹤来迎客,一 山 放 鹤 来 迎 客,"[""映 日 荷 花 别 样 红""]",0.0,0.0,0.0,0.0,
P103,prefix_continuation,忧国,下一句续写,王师北定中原日,"[""家祭无忘告乃翁。""]","[gMASK]<sop><|system|>
你是一名擅长中文古典诗词续写的助手。请严格根据用户给定的上句续写下一句。你的输出必须只有续写的下一句本身，禁止输出标题、解释、原句、序号、引号或任何说明文字。<|user|>
请根据上句“王师北定中原日”，续写下一句。硬性要求：
1. 只输出一行。
2. 只输出续写下句本身。
3. 不要包含原有上句。
4. 不要补全整首诗。
5. 不要输出“下句：”“续写：”“答案：”“解释：”等任何前缀。
6. 不要使用引号包裹。<|assistant|>",南朝四百八十寺,南 朝 四 百 八 十 寺,"[""家 祭 无 忘 告 乃 翁""]",0.0,0.0,0.0,0.0,
P018,prefix_continuation,壮志,下一句续写,人生自古谁无死,"[""留取丹心照汗青。""]","[gMASK]<sop><|system|>
你是一名擅长中文古典诗词续写的助手。请严格根据用户给定的上句续写下一句。你的输出必须只有续写的下一句本身，禁止输出标题、解释、原句、序号、引号或任何说明文字。<|user|>
请根据上句“人生自古谁无死”，续写下一句。硬性要求：
1. 只输出一行。
2. 只输出续写下句本身。
3. 不要包含原有上句。
4. 不要补全整首诗。
5. 不要输出“下句：”“续写：”“答案：”“解释：”等任何前缀。
6. 不要使用引号包裹。<|assistant|>",此身如寄在尘寰,此 身 如 寄 在 尘 寰,"[""留 取 丹 心 照 汗 青""]",0.0,0.0,0.0,0.0,
P029,prefix_continuation,田园,下一句续写,采菊东篱下,"[""悠然见南山。""]","[gMASK]<sop><|system|>
你是一名擅长中文古典诗词续写的助手。请严格根据用户给定的上句续写下一句。你的输出必须只有续写的下一句本身，禁止输出标题、解释、原句、序号、引号或任何说明文字。<|user|>
请根据上句“采菊东篱下”，续写下一句。硬性要求：
1. 只输出一行。
2. 只输出续写下句本身。
3. 不要包含原有上句。
4. 不要补全整首诗。
5. 不要输出“下句：”“续写：”“答案：”“解释：”等任何前缀。
6. 不要使用引号包裹。<|assistant|>",霜落满山秋,霜 落 满 山 秋,"[""悠 然 见 南 山""]",0.05372849659117709,0.20000000000000004,5.37,20.0,
P032,prefix_continuation,月夜,下一句续写,疑是地上霜,"[""举头望明月。""]","[gMASK]<sop><|system|>
你是一名擅长中文古典诗词续写的助手。请严格根据用户给定的上句续写下一句。你的输出必须只有续写的下一句本身，禁止输出标题、解释、原句、序号、引号或任何说明文字。<|user|>
请根据上句“疑是地上霜”，续写下一句。硬性要求：
1. 只输出一行。
2. 只输出续写下句本身。
3. 不要包含原有上句。
4. 不要补全整首诗。
5. 不要输出“下句：”“续写：”“答案：”“解释：”等任何前缀。
6. 不要使用引号包裹。<|assistant|>",不识庐山真,不 识 庐 山 真,"[""举 头 望 明 月""]",0.0,0.0,0.0,0.0,
P036,prefix_continuation,相思,下一句续写,红豆生南国,"[""春来发几枝。""]","[gMASK]<sop><|system|>
你是一名擅长中文古典诗词续写的助手。请严格根据用户给定的上句续写下一句。你的输出必须只有续写的下一句本身，禁止输出标题、解释、原句、序号、引号或任何说明文字。<|user|>
请根据上句“红豆生南国”，续写下一句。硬性要求：
1. 只输出一行。
2. 只输出续写下句本身。
3. 不要包含原有上句。
4. 不要补全整首诗。
5. 不要输出“下句：”“续写：”“答案：”“解释：”等任何前缀。
6. 不要使用引号包裹。<|assistant|>",君恩未许归,君 恩 未 许 归,"[""春 来 发 几 枝""]",0.0,0.0,0.0,0.0,
P095,prefix_continuation,山水,下一句续写,横看成岭侧成峰,"[""远近高低各不同。""]","[gMASK]<sop><|system|>
你是一名擅长中文古典诗词续写的助手。请严格根据用户给定的上句续写下一句。你的输出必须只有续写的下一句本身，禁止输出标题、解释、原句、序号、引号或任何说明文字。<|user|>
请根据上句“横看成岭侧成峰”，续写下一句。硬性要求：
1. 只输出一行。
2. 只输出续写下句本身。
3. 不要包含原有上句。
4. 不要补全整首诗。
5. 不要输出“下句：”“续写：”“答案：”“解释：”等任何前缀。
6. 不要使用引号包裹。<|assistant|>",不识庐山真面目,不 识 庐 山 真 面 目,"[""远 近 高 低 各 不 同""]",0.033031643180138064,0.14285714285714285,3.3,14.29,
P004,prefix_continuation,友情,下一句续写,海内存知己,"[""天涯若比邻。""]","[gMASK]<sop><|system|>
你是一名擅长中文古典诗词续写的助手。请严格根据用户给定的上句续写下一句。你的输出必须只有续写的下一句本身，禁止输出标题、解释、原句、序号、引号或任何说明文字。<|user|>
请根据上句“海内存知己”，续写下一句。硬性要求：
1. 只输出一行。
2. 只输出续写下句本身。
3. 不要包含原有上句。
4. 不要补全整首诗。
5. 不要输出“下句：”“续写：”“答案：”“解释：”等任何前缀。
6. 不要使用引号包裹。<|assistant|>",天外相思泪,天 外 相 思 泪,"[""天 涯 若 比 邻""]",0.05372849659117709,0.20000000000000004,5.37,20.0,
P015,prefix_continuation,秋景,下一句续写,停车坐爱枫林晚,"[""霜叶红于二月花。""]","[gMASK]<sop><|system|>
你是一名擅长中文古典诗词续写的助手。请严格根据用户给定的上句续写下一句。你的输出必须只有续写的下一句本身，禁止输出标题、解释、原句、序号、引号或任何说明文字。<|user|>
请根据上句“停车坐爱枫林晚”，续写下一句。硬性要求：
1. 只输出一行。
2. 只输出续写下句本身。
3. 不要包含原有上句。
4. 不要补全整首诗。
5. 不要输出“下句：”“续写：”“答案：”“解释：”等任何前缀。
6. 不要使用引号包裹。<|assistant|>",霜叶红于二月花。,霜 叶 红 于 二 月 花,"[""霜 叶 红 于 二 月 花""]",1.0,1.0,100.0,100.0,
P082,prefix_continuation,江南,下一句续写,水村山郭酒旗风,"[""南朝四百八十寺。""]","[gMASK]<sop><|system|>
你是一名擅长中文古典诗词续写的助手。请严格根据用户给定的上句续写下一句。你的输出必须只有续写的下一句本身，禁止输出标题、解释、原句、序号、引号或任何说明文字。<|user|>
请根据上句“水村山郭酒旗风”，续写下一句。硬性要求：
1. 只输出一行。
2. 只输出续写下句本身。
3. 不要包含原有上句。
4. 不要补全整首诗。
5. 不要输出“下句：”“续写：”“答案：”“解释：”等任何前缀。
6. 不要使用引号包裹。<|assistant|>",秋光浓似酒，,秋 光 浓 似 酒,"[""南 朝 四 百 八 十 寺""]",0.0,0.0,0.0,0.0,
