id,task_type,theme,style,poem_type,generation_prompt,generated_poem,format_score,theme_score,fluency_score,style_score,creativity_score,total_score,brief_comment,failure_type,raw_judge_response,error
S001,style_control,月夜,思乡,五言绝句,"[gMASK]<sop><|system|>
你是一名擅长中文古典诗词创作的助手。请严格遵循用户给定的主题、风格和诗体要求，只输出诗词正文。<|user|>
请以“月夜”为主题，按照“思乡”的风格，创作一首【五言绝句】。请直接输出诗词正文，不要解释。<|assistant|>",久客思归暮，临风一怆神。如何今夜月，偏照异乡人。,100.0,95.0,100.0,95.0,85.0,96.25,严格符合五言绝句格式，主题紧扣月夜思乡，语言凝练流畅，古诗风格纯正，意境含蓄动人，唯创造性稍欠新意。,none,"{
  ""format_score"": 100,
  ""theme_score"": 95,
  ""fluency_score"": 100,
  ""style_score"": 95,
  ""creativity_score"": 85,
  ""total_score"": 95,
  ""brief_comment"": ""严格符合五言绝句格式，主题紧扣月夜思乡，语言凝练流畅，古诗风格纯正，意境含蓄动人，唯创造性稍欠新意。"",
  ""failure_type"": ""none""
}",
S002,style_control,江南,婉约,七言绝句,"[gMASK]<sop><|system|>
你是一名擅长中文古典诗词创作的助手。请严格遵循用户给定的主题、风格和诗体要求，只输出诗词正文。<|user|>
请以“江南”为主题，按照“婉约”的风格，创作一首【七言绝句】。请直接输出诗词正文，不要解释。<|assistant|>",雨过花溪春水涨，柳桥烟寺晚钟闲。归舟荡漾无寻处，云在长空水底山。,100.0,95.0,100.0,95.0,90.0,96.75,严格符合七绝格律，主题紧扣江南，语言流畅典雅，婉约风格鲜明，意境空灵含蓄，略有新意。,none,"{
  ""format_score"": 100,
  ""theme_score"": 95,
  ""fluency_score"": 100,
  ""style_score"": 95,
  ""creativity_score"": 90,
  ""total_score"": 96,
  ""brief_comment"": ""严格符合七绝格律，主题紧扣江南，语言流畅典雅，婉约风格鲜明，意境空灵含蓄，略有新意。"",
  ""failure_type"": ""none""
}",
S003,style_control,边塞,豪迈,七言绝句,"[gMASK]<sop><|system|>
你是一名擅长中文古典诗词创作的助手。请严格遵循用户给定的主题、风格和诗体要求，只输出诗词正文。<|user|>
请以“边塞”为主题，按照“豪迈”的风格，创作一首【七言绝句】。请直接输出诗词正文，不要解释。<|assistant|>",金戈铁马征辽东，气拥长空鼓角雄。何事龙媒不上阵，却来燕市换雕弓。,100.0,95.0,95.0,95.0,85.0,95.25,严格符合七绝格式，主题鲜明，语言豪迈有力，意境雄浑，略有套语痕迹但整体优秀。,none,"{
  ""format_score"": 100,
  ""theme_score"": 95,
  ""fluency_score"": 95,
  ""style_score"": 95,
  ""creativity_score"": 85,
  ""total_score"": 94,
  ""brief_comment"": ""严格符合七绝格式，主题鲜明，语言豪迈有力，意境雄浑，略有套语痕迹但整体优秀。"",
  ""failure_type"": ""none""
}",
S004,style_control,田园,闲适,五言绝句,"[gMASK]<sop><|system|>
你是一名擅长中文古典诗词创作的助手。请严格遵循用户给定的主题、风格和诗体要求，只输出诗词正文。<|user|>
请以“田园”为主题，按照“闲适”的风格，创作一首【五言绝句】。请直接输出诗词正文，不要解释。<|assistant|>",野水侵高岸，孤烟起远村。幽人自来去，何处得相门。,100.0,90.0,95.0,90.0,85.0,93.0,严格符合五言绝句格式，田园主题明确，语言流畅，闲适风格突出，意境幽远，略有套语痕迹但整体优秀。,none,"{
  ""format_score"": 100,
  ""theme_score"": 90,
  ""fluency_score"": 95,
  ""style_score"": 90,
  ""creativity_score"": 85,
  ""total_score"": 92,
  ""brief_comment"": ""严格符合五言绝句格式，田园主题明确，语言流畅，闲适风格突出，意境幽远，略有套语痕迹但整体优秀。"",
  ""failure_type"": ""none""
}",
S005,style_control,离别,伤感,七言绝句,"[gMASK]<sop><|system|>
你是一名擅长中文古典诗词创作的助手。请严格遵循用户给定的主题、风格和诗体要求，只输出诗词正文。<|user|>
请以“离别”为主题，按照“伤感”的风格，创作一首【七言绝句】。请直接输出诗词正文，不要解释。<|assistant|>",别离容易见应难，昨夜灯前泪暗弹。晓镜自惊颜色改，朱颜不似少年欢。,100.0,95.0,100.0,95.0,85.0,96.25,严格符合七绝格式，主题紧扣离别与伤感，语言流畅典雅，风格纯正，意境含蓄动人，唯稍显传统，新意略欠。,none,"{
  ""format_score"": 100,
  ""theme_score"": 95,
  ""fluency_score"": 100,
  ""style_score"": 95,
  ""creativity_score"": 85,
  ""total_score"": 95,
  ""brief_comment"": ""严格符合七绝格式，主题紧扣离别与伤感，语言流畅典雅，风格纯正，意境含蓄动人，唯稍显传统，新意略欠。"",
  ""failure_type"": ""none""
}",
S006,style_control,春雨,清新,五言绝句,"[gMASK]<sop><|system|>
你是一名擅长中文古典诗词创作的助手。请严格遵循用户给定的主题、风格和诗体要求，只输出诗词正文。<|user|>
请以“春雨”为主题，按照“清新”的风格，创作一首【五言绝句】。请直接输出诗词正文，不要解释。<|assistant|>",杏子浑青李，杨花半白绵。年年怨春雨，今又过梅天。,100.0,85.0,95.0,70.0,65.0,85.75,格式完全符合五言绝句，语言流畅，主题与春雨相关，但风格偏沉郁而非清新，意境较传统，缺乏新意。,none,"{
  ""format_score"": 100,
  ""theme_score"": 85,
  ""fluency_score"": 95,
  ""style_score"": 70,
  ""creativity_score"": 65,
  ""total_score"": 83,
  ""brief_comment"": ""格式完全符合五言绝句，语言流畅，主题与春雨相关，但风格偏沉郁而非清新，意境较传统，缺乏新意。"",
  ""failure_type"": ""none""
}",
S007,style_control,秋风,萧瑟,七言绝句,"[gMASK]<sop><|system|>
你是一名擅长中文古典诗词创作的助手。请严格遵循用户给定的主题、风格和诗体要求，只输出诗词正文。<|user|>
请以“秋风”为主题，按照“萧瑟”的风格，创作一首【七言绝句】。请直接输出诗词正文，不要解释。<|assistant|>",秋风萧瑟楚天秋，征客愁生湘水头。独树不成孤客恨，谁家双雁作归俦。,100.0,95.0,95.0,95.0,85.0,95.25,严格符合七绝格式，紧扣秋风萧瑟主题，语言流畅，风格鲜明，意境略有新意但稍显传统。,none,"{
  ""format_score"": 100,
  ""theme_score"": 95,
  ""fluency_score"": 95,
  ""style_score"": 95,
  ""creativity_score"": 85,
  ""total_score"": 94,
  ""brief_comment"": ""严格符合七绝格式，紧扣秋风萧瑟主题，语言流畅，风格鲜明，意境略有新意但稍显传统。"",
  ""failure_type"": ""none""
}",
S008,style_control,冬雪,孤寂,五言绝句,"[gMASK]<sop><|system|>
你是一名擅长中文古典诗词创作的助手。请严格遵循用户给定的主题、风格和诗体要求，只输出诗词正文。<|user|>
请以“冬雪”为主题，按照“孤寂”的风格，创作一首【五言绝句】。请直接输出诗词正文，不要解释。<|assistant|>",朔风摧百卉，瑞雪下千林。幽人独拥褐，默坐听松阴。,100.0,95.0,100.0,95.0,85.0,96.25,严格符合五绝格式，主题紧扣冬雪与孤寂，语言凝练古雅，意境幽冷，唯创造性稍欠新意。,none,"{
  ""format_score"": 100,
  ""theme_score"": 95,
  ""fluency_score"": 100,
  ""style_score"": 95,
  ""creativity_score"": 85,
  ""total_score"": 95,
  ""brief_comment"": ""严格符合五绝格式，主题紧扣冬雪与孤寂，语言凝练古雅，意境幽冷，唯创造性稍欠新意。"",
  ""failure_type"": ""none""
}",
S009,style_control,中秋,团圆,七言绝句,"[gMASK]<sop><|system|>
你是一名擅长中文古典诗词创作的助手。请严格遵循用户给定的主题、风格和诗体要求，只输出诗词正文。<|user|>
请以“中秋”为主题，按照“团圆”的风格，创作一首【七言绝句】。请直接输出诗词正文，不要解释。<|assistant|>",今年八月桂初圆，冷露滋兰玉佩寒。何事今年不登此，却将华月上西园。,100.0,70.0,90.0,85.0,75.0,85.0,格式完全符合七绝要求，语言流畅，古诗风格较浓。但主题“团圆”体现不足，偏于中秋景物描写，意境上缺乏团聚的温暖感，略有套话痕迹。,topic_drift,"{
  ""format_score"": 100,
  ""theme_score"": 70,
  ""fluency_score"": 90,
  ""style_score"": 85,
  ""creativity_score"": 75,
  ""total_score"": 84,
  ""brief_comment"": ""格式完全符合七绝要求，语言流畅，古诗风格较浓。但主题“团圆”体现不足，偏于中秋景物描写，意境上缺乏团聚的温暖感，略有套话痕迹。"",
  ""failure_type"": ""topic_drift""
}",
S010,style_control,登高,壮阔,七言绝句,"[gMASK]<sop><|system|>
你是一名擅长中文古典诗词创作的助手。请严格遵循用户给定的主题、风格和诗体要求，只输出诗词正文。<|user|>
请以“登高”为主题，按照“壮阔”的风格，创作一首【七言绝句】。请直接输出诗词正文，不要解释。<|assistant|>",天水相将秋色归，客游端欲上轮蹄。何人忽送龙山句，更喜云山似洛西。,100.0,85.0,95.0,80.0,75.0,88.75,格式完全符合七绝，语言流畅，有登高壮阔之意，但风格略偏清丽而非雄浑，意境创新一般。,none,"{
  ""format_score"": 100,
  ""theme_score"": 85,
  ""fluency_score"": 95,
  ""style_score"": 80,
  ""creativity_score"": 75,
  ""total_score"": 87,
  ""brief_comment"": ""格式完全符合七绝，语言流畅，有登高壮阔之意，但风格略偏清丽而非雄浑，意境创新一般。"",
  ""failure_type"": ""none""
}",
S011,style_control,古寺,禅意,五言绝句,"[gMASK]<sop><|system|>
你是一名擅长中文古典诗词创作的助手。请严格遵循用户给定的主题、风格和诗体要求，只输出诗词正文。<|user|>
请以“古寺”为主题，按照“禅意”的风格，创作一首【五言绝句】。请直接输出诗词正文，不要解释。<|assistant|>",瓦松苍老色，石路藓痕斑。却忆游山去，孤吟独自还。,100.0,90.0,95.0,90.0,85.0,93.0,严格符合五言绝句格式，主题紧扣古寺，语言流畅，禅意风格鲜明，意境幽寂有画面感，略有套语痕迹但整体优秀。,none,"{
  ""format_score"": 100,
  ""theme_score"": 90,
  ""fluency_score"": 95,
  ""style_score"": 90,
  ""creativity_score"": 85,
  ""total_score"": 92,
  ""brief_comment"": ""严格符合五言绝句格式，主题紧扣古寺，语言流畅，禅意风格鲜明，意境幽寂有画面感，略有套语痕迹但整体优秀。"",
  ""failure_type"": ""none""
}",
S012,style_control,长安,怀古,七言绝句,"[gMASK]<sop><|system|>
你是一名擅长中文古典诗词创作的助手。请严格遵循用户给定的主题、风格和诗体要求，只输出诗词正文。<|user|>
请以“长安”为主题，按照“怀古”的风格，创作一首【七言绝句】。请直接输出诗词正文，不要解释。<|assistant|>",金谷春来碧草新，绿杨阴下石崇家。年年长使罗敷恨，开到落花人未遮。,100.0,40.0,85.0,70.0,60.0,72.0,格式完全符合七绝，但主题偏离'长安'，仅'金谷'、'石崇'等典故与长安无直接关联，怀古风格较弱，语言尚可但意境不够集中。,topic_drift,"{
  ""format_score"": 100,
  ""theme_score"": 40,
  ""fluency_score"": 85,
  ""style_score"": 70,
  ""creativity_score"": 60,
  ""total_score"": 65,
  ""brief_comment"": ""格式完全符合七绝，但主题偏离'长安'，仅'金谷'、'石崇'等典故与长安无直接关联，怀古风格较弱，语言尚可但意境不够集中。"",
  ""failure_type"": ""topic_drift""
}",
S013,style_control,山水,空灵,五言绝句,"[gMASK]<sop><|system|>
你是一名擅长中文古典诗词创作的助手。请严格遵循用户给定的主题、风格和诗体要求，只输出诗词正文。<|user|>
请以“山水”为主题，按照“空灵”的风格，创作一首【五言绝句】。请直接输出诗词正文，不要解释。<|assistant|>",空灵不可状，秀润极堪吟。尽日无人到，云泉共此心。,100.0,95.0,100.0,95.0,90.0,96.75,严格符合五绝格式，主题紧扣山水，语言流畅自然，空灵风格突出，意境幽远，略有新意。,none,"{
  ""format_score"": 100,
  ""theme_score"": 95,
  ""fluency_score"": 100,
  ""style_score"": 95,
  ""creativity_score"": 90,
  ""total_score"": 96,
  ""brief_comment"": ""严格符合五绝格式，主题紧扣山水，语言流畅自然，空灵风格突出，意境幽远，略有新意。"",
  ""failure_type"": ""none""
}",
S014,style_control,渔舟,淡泊,七言绝句,"[gMASK]<sop><|system|>
你是一名擅长中文古典诗词创作的助手。请严格遵循用户给定的主题、风格和诗体要求，只输出诗词正文。<|user|>
请以“渔舟”为主题，按照“淡泊”的风格，创作一首【七言绝句】。请直接输出诗词正文，不要解释。<|assistant|>",不载红尘一点埃，夜深撑月钓回来。芦花映水风烟澹，疑是江湖入画开。,100.0,95.0,100.0,95.0,90.0,96.75,严格符合七绝格律，主题鲜明，语言凝练，淡泊意境突出，画面感强，仅个别意象稍显常见。,none,"{
  ""format_score"": 100,
  ""theme_score"": 95,
  ""fluency_score"": 100,
  ""style_score"": 95,
  ""creativity_score"": 90,
  ""total_score"": 96,
  ""brief_comment"": ""严格符合七绝格律，主题鲜明，语言凝练，淡泊意境突出，画面感强，仅个别意象稍显常见。"",
  ""failure_type"": ""none""
}",
S015,style_control,美酒,旷达,五言绝句,"[gMASK]<sop><|system|>
你是一名擅长中文古典诗词创作的助手。请严格遵循用户给定的主题、风格和诗体要求，只输出诗词正文。<|user|>
请以“美酒”为主题，按照“旷达”的风格，创作一首【五言绝句】。请直接输出诗词正文，不要解释。<|assistant|>",浮世长如醉，人生不奈愁。但令尊俎在，便可烂柯游。,100.0,90.0,95.0,85.0,80.0,91.5,严格符合五绝格式，主题紧扣美酒，语言流畅，旷达风格明显，但意境稍显常规，略有套用典故之嫌。,none,"{
  ""format_score"": 100,
  ""theme_score"": 90,
  ""fluency_score"": 95,
  ""style_score"": 85,
  ""creativity_score"": 80,
  ""total_score"": 90,
  ""brief_comment"": ""严格符合五绝格式，主题紧扣美酒，语言流畅，旷达风格明显，但意境稍显常规，略有套用典故之嫌。"",
  ""failure_type"": ""none""
}",
S016,style_control,故人,怀念,七言绝句,"[gMASK]<sop><|system|>
你是一名擅长中文古典诗词创作的助手。请严格遵循用户给定的主题、风格和诗体要求，只输出诗词正文。<|user|>
请以“故人”为主题，按照“怀念”的风格，创作一首【七言绝句】。请直接输出诗词正文，不要解释。<|assistant|>",别来几度忆君心，每恨相思枉寸金。今日忽逢真佛座，祇应相去八千春。,100.0,85.0,95.0,90.0,80.0,91.25,格式完全符合七绝，语言流畅，风格典雅，怀念之情真切。但末句用佛典稍显突兀，与主题略有疏离，意境创新一般。,none,"{
  ""format_score"": 100,
  ""theme_score"": 85,
  ""fluency_score"": 95,
  ""style_score"": 90,
  ""creativity_score"": 80,
  ""total_score"": 90,
  ""brief_comment"": ""格式完全符合七绝，语言流畅，风格典雅，怀念之情真切。但末句用佛典稍显突兀，与主题略有疏离，意境创新一般。"",
  ""failure_type"": ""none""
}",
S017,style_control,梅雪,高洁,五言绝句,"[gMASK]<sop><|system|>
你是一名擅长中文古典诗词创作的助手。请严格遵循用户给定的主题、风格和诗体要求，只输出诗词正文。<|user|>
请以“梅雪”为主题，按照“高洁”的风格，创作一首【五言绝句】。请直接输出诗词正文，不要解释。<|assistant|>",天寒冰未融，积粉满林丘。为问孤根下，何如百丈游。,100.0,85.0,95.0,90.0,80.0,91.25,严格符合五言绝句格式，主题紧扣梅雪，语言流畅，风格高洁，意境有层次，但创造性稍显不足。,none,"{
  ""format_score"": 100,
  ""theme_score"": 85,
  ""fluency_score"": 95,
  ""style_score"": 90,
  ""creativity_score"": 80,
  ""total_score"": 90,
  ""brief_comment"": ""严格符合五言绝句格式，主题紧扣梅雪，语言流畅，风格高洁，意境有层次，但创造性稍显不足。"",
  ""failure_type"": ""none""
}",
S018,style_control,楼台,华丽,七言绝句,"[gMASK]<sop><|system|>
你是一名擅长中文古典诗词创作的助手。请严格遵循用户给定的主题、风格和诗体要求，只输出诗词正文。<|user|>
请以“楼台”为主题，按照“华丽”的风格，创作一首【七言绝句】。请直接输出诗词正文，不要解释。<|assistant|>",楼台上下火千重，帘幕深中笑语浓。林叶鸣秋声不断，人间愁杀石尤风。,100.0,85.0,95.0,80.0,75.0,88.75,格式完全符合七绝要求，主题围绕楼台展开，语言流畅，风格华丽但稍显堆砌，意境有画面感但创新不足。,none,"{
  ""format_score"": 100,
  ""theme_score"": 85,
  ""fluency_score"": 95,
  ""style_score"": 80,
  ""creativity_score"": 75,
  ""total_score"": 85,
  ""brief_comment"": ""格式完全符合七绝要求，主题围绕楼台展开，语言流畅，风格华丽但稍显堆砌，意境有画面感但创新不足。"",
  ""failure_type"": ""none""
}",
S019,style_control,夜雨,忧思,五言绝句,"[gMASK]<sop><|system|>
你是一名擅长中文古典诗词创作的助手。请严格遵循用户给定的主题、风格和诗体要求，只输出诗词正文。<|user|>
请以“夜雨”为主题，按照“忧思”的风格，创作一首【五言绝句】。请直接输出诗词正文，不要解释。<|assistant|>",夜雨不成寐，春愁深更无。起寻南涧水，还听北禽乌。,100.0,95.0,100.0,95.0,85.0,96.25,严格符合五绝格式，主题紧扣夜雨与忧思，语言凝练流畅，古诗风格纯正，意境深沉含蓄，略有新意。,none,"{
  ""format_score"": 100,
  ""theme_score"": 95,
  ""fluency_score"": 100,
  ""style_score"": 95,
  ""creativity_score"": 85,
  ""total_score"": 95,
  ""brief_comment"": ""严格符合五绝格式，主题紧扣夜雨与忧思，语言凝练流畅，古诗风格纯正，意境深沉含蓄，略有新意。"",
  ""failure_type"": ""none""
}",
S020,style_control,远方,浪漫,七言绝句,"[gMASK]<sop><|system|>
你是一名擅长中文古典诗词创作的助手。请严格遵循用户给定的主题、风格和诗体要求，只输出诗词正文。<|user|>
请以“远方”为主题，按照“浪漫”的风格，创作一首【七言绝句】。请直接输出诗词正文，不要解释。<|assistant|>",远方谁道有新诗，能遣清霜到枕迟。今日酒肠须放尽，未妨闲读子山碑。,100.0,70.0,95.0,75.0,65.0,83.0,格式完全符合七绝，语言流畅，但主题“远方”体现较间接，浪漫风格不够鲜明，意境偏古典沉郁，创造性一般。,none,"{
  ""format_score"": 100,
  ""theme_score"": 70,
  ""fluency_score"": 95,
  ""style_score"": 75,
  ""creativity_score"": 65,
  ""total_score"": 81,
  ""brief_comment"": ""格式完全符合七绝，语言流畅，但主题“远方”体现较间接，浪漫风格不够鲜明，意境偏古典沉郁，创造性一般。"",
  ""failure_type"": ""none""
}",
S021,style_control,月夜,思乡、清雅,五言绝句,"[gMASK]<sop><|system|>
你是一名擅长中文古典诗词创作的助手。请严格遵循用户给定的主题、风格和诗体要求，只输出诗词正文。<|user|>
请以“月夜”为主题，按照“思乡、清雅”的风格，创作一首【五言绝句】。请直接输出诗词正文，不要解释。<|assistant|>",月色胜春色，秋空似昼空。玉人归紫府，应怪故来东。,100.0,70.0,95.0,85.0,75.0,86.0,格式完全符合五言绝句，语言流畅典雅，有清雅风格；但主题上偏重月色与仙家，思乡情感较隐晦，意境创造性一般。,none,"{
  ""format_score"": 100,
  ""theme_score"": 70,
  ""fluency_score"": 95,
  ""style_score"": 85,
  ""creativity_score"": 75,
  ""total_score"": 85,
  ""brief_comment"": ""格式完全符合五言绝句，语言流畅典雅，有清雅风格；但主题上偏重月色与仙家，思乡情感较隐晦，意境创造性一般。"",
  ""failure_type"": ""none""
}",
S022,style_control,江南,婉约、清雅,七言绝句,"[gMASK]<sop><|system|>
你是一名擅长中文古典诗词创作的助手。请严格遵循用户给定的主题、风格和诗体要求，只输出诗词正文。<|user|>
请以“江南”为主题，按照“婉约、清雅”的风格，创作一首【七言绝句】。请直接输出诗词正文，不要解释。<|assistant|>",青箬溪边花满枝，幽禽啼处竹参差。主人不用栽杨柳，自有垂杨拂钓丝。,100.0,95.0,100.0,95.0,85.0,96.25,严格符合七绝格式，主题紧扣江南，语言流畅典雅，婉约清雅风格鲜明，意境优美，略有套语痕迹但整体优秀。,none,"{
  ""format_score"": 100,
  ""theme_score"": 95,
  ""fluency_score"": 100,
  ""style_score"": 95,
  ""creativity_score"": 85,
  ""total_score"": 95,
  ""brief_comment"": ""严格符合七绝格式，主题紧扣江南，语言流畅典雅，婉约清雅风格鲜明，意境优美，略有套语痕迹但整体优秀。"",
  ""failure_type"": ""none""
}",
S023,style_control,边塞,豪迈、清雅,五言绝句,"[gMASK]<sop><|system|>
你是一名擅长中文古典诗词创作的助手。请严格遵循用户给定的主题、风格和诗体要求，只输出诗词正文。<|user|>
请以“边塞”为主题，按照“豪迈、清雅”的风格，创作一首【五言绝句】。请直接输出诗词正文，不要解释。<|assistant|>",豪迈宁无酒，清雅幸有书。犹嫌太岑寂，小筑傍吾庐。,100.0,40.0,95.0,70.0,60.0,74.0,格式完全符合五言绝句，语言流畅，但主题严重偏离“边塞”，风格上豪迈不足、清雅有余，意境偏个人闲居，缺乏边塞诗的苍茫与壮阔。,topic_drift,"{
  ""format_score"": 100,
  ""theme_score"": 40,
  ""fluency_score"": 95,
  ""style_score"": 70,
  ""creativity_score"": 60,
  ""total_score"": 65,
  ""brief_comment"": ""格式完全符合五言绝句，语言流畅，但主题严重偏离“边塞”，风格上豪迈不足、清雅有余，意境偏个人闲居，缺乏边塞诗的苍茫与壮阔。"",
  ""failure_type"": ""topic_drift""
}",
S024,style_control,田园,闲适、清雅,七言绝句,"[gMASK]<sop><|system|>
你是一名擅长中文古典诗词创作的助手。请严格遵循用户给定的主题、风格和诗体要求，只输出诗词正文。<|user|>
请以“田园”为主题，按照“闲适、清雅”的风格，创作一首【七言绝句】。请直接输出诗词正文，不要解释。<|assistant|>",稻穗初圆麦浪翻，幽居真可号忘年。吾庐亦有田园兴，竹屋茅檐傍水田。,100.0,95.0,100.0,95.0,85.0,96.25,严格符合七绝格式，主题紧扣田园，语言流畅，风格闲适清雅，意境有画面感，但创造性稍显常规。,none,"{
  ""format_score"": 100,
  ""theme_score"": 95,
  ""fluency_score"": 100,
  ""style_score"": 95,
  ""creativity_score"": 85,
  ""total_score"": 95,
  ""brief_comment"": ""严格符合七绝格式，主题紧扣田园，语言流畅，风格闲适清雅，意境有画面感，但创造性稍显常规。"",
  ""failure_type"": ""none""
}",
S025,style_control,离别,伤感、清雅,五言绝句,"[gMASK]<sop><|system|>
你是一名擅长中文古典诗词创作的助手。请严格遵循用户给定的主题、风格和诗体要求，只输出诗词正文。<|user|>
请以“离别”为主题，按照“伤感、清雅”的风格，创作一首【五言绝句】。请直接输出诗词正文，不要解释。<|assistant|>",离别何须怨，君恩岂不思。如何汉宫里，空对月明悲。,100.0,90.0,95.0,88.0,80.0,92.1,严格符合五言绝句格式，主题紧扣离别，语言流畅古雅，风格清雅伤感，意境含蓄但略欠新意。,none,"{
  ""format_score"": 100,
  ""theme_score"": 90,
  ""fluency_score"": 95,
  ""style_score"": 88,
  ""creativity_score"": 80,
  ""total_score"": 90,
  ""brief_comment"": ""严格符合五言绝句格式，主题紧扣离别，语言流畅古雅，风格清雅伤感，意境含蓄但略欠新意。"",
  ""failure_type"": ""none""
}",
S026,style_control,春雨,清新、清雅,七言绝句,"[gMASK]<sop><|system|>
你是一名擅长中文古典诗词创作的助手。请严格遵循用户给定的主题、风格和诗体要求，只输出诗词正文。<|user|>
请以“春雨”为主题，按照“清新、清雅”的风格，创作一首【七言绝句】。请直接输出诗词正文，不要解释。<|assistant|>",一帘春雨细无声，润入兰芽笋破萌。我欲倚楼听夜语，不须吹笛莫吹笙。,100.0,95.0,100.0,95.0,90.0,96.75,严格符合七绝格式，主题紧扣春雨，语言流畅自然，风格清新雅致，意境含蓄有层次，仅末句略熟，整体极佳。,none,"{
  ""format_score"": 100,
  ""theme_score"": 95,
  ""fluency_score"": 100,
  ""style_score"": 95,
  ""creativity_score"": 90,
  ""total_score"": 96,
  ""brief_comment"": ""严格符合七绝格式，主题紧扣春雨，语言流畅自然，风格清新雅致，意境含蓄有层次，仅末句略熟，整体极佳。"",
  ""failure_type"": ""none""
}",
S027,style_control,秋风,萧瑟、清雅,五言绝句,"[gMASK]<sop><|system|>
你是一名擅长中文古典诗词创作的助手。请严格遵循用户给定的主题、风格和诗体要求，只输出诗词正文。<|user|>
请以“秋风”为主题，按照“萧瑟、清雅”的风格，创作一首【五言绝句】。请直接输出诗词正文，不要解释。<|assistant|>",风卷浮云尽，秋声满画栏。寒生庭下水，清雅似长安。,100.0,90.0,95.0,85.0,75.0,91.0,格式完全符合五绝要求，主题紧扣秋风，语言流畅自然。风格上萧瑟感稍弱，清雅有余而苍凉不足，意境较传统，缺乏新意。,none,"{
  ""format_score"": 100,
  ""theme_score"": 90,
  ""fluency_score"": 95,
  ""style_score"": 85,
  ""creativity_score"": 75,
  ""total_score"": 87,
  ""brief_comment"": ""格式完全符合五绝要求，主题紧扣秋风，语言流畅自然。风格上萧瑟感稍弱，清雅有余而苍凉不足，意境较传统，缺乏新意。"",
  ""failure_type"": ""none""
}",
S028,style_control,冬雪,孤寂、清雅,七言绝句,"[gMASK]<sop><|system|>
你是一名擅长中文古典诗词创作的助手。请严格遵循用户给定的主题、风格和诗体要求，只输出诗词正文。<|user|>
请以“冬雪”为主题，按照“孤寂、清雅”的风格，创作一首【七言绝句】。请直接输出诗词正文，不要解释。<|assistant|>",一气潜回万物春，素英飞舞自天新。花应清雅无人识，留与诗人作瑞人。,100.0,85.0,95.0,70.0,65.0,85.75,格式完全正确，语言流畅，主题相关，但风格偏喜庆，孤寂清雅不足，末句略显生硬，创造性一般。,none,"{
  ""format_score"": 100,
  ""theme_score"": 85,
  ""fluency_score"": 95,
  ""style_score"": 70,
  ""creativity_score"": 65,
  ""total_score"": 83,
  ""brief_comment"": ""格式完全正确，语言流畅，主题相关，但风格偏喜庆，孤寂清雅不足，末句略显生硬，创造性一般。"",
  ""failure_type"": ""none""
}",
S029,style_control,中秋,团圆、清雅,五言绝句,"[gMASK]<sop><|system|>
你是一名擅长中文古典诗词创作的助手。请严格遵循用户给定的主题、风格和诗体要求，只输出诗词正文。<|user|>
请以“中秋”为主题，按照“团圆、清雅”的风格，创作一首【五言绝句】。请直接输出诗词正文，不要解释。<|assistant|>",皓魄挂高寒，风露浄无端。圆蟾方有意，清雅似凭阑。,100.0,85.0,95.0,90.0,80.0,91.25,格式完全符合五言绝句，语言凝练典雅，中秋团圆清雅风格到位，但“圆蟾方有意”稍显直白，意境创新略有不足。,none,"{
  ""format_score"": 100,
  ""theme_score"": 85,
  ""fluency_score"": 95,
  ""style_score"": 90,
  ""creativity_score"": 80,
  ""total_score"": 90,
  ""brief_comment"": ""格式完全符合五言绝句，语言凝练典雅，中秋团圆清雅风格到位，但“圆蟾方有意”稍显直白，意境创新略有不足。"",
  ""failure_type"": ""none""
}",
S030,style_control,登高,壮阔、清雅,七言绝句,"[gMASK]<sop><|system|>
你是一名擅长中文古典诗词创作的助手。请严格遵循用户给定的主题、风格和诗体要求，只输出诗词正文。<|user|>
请以“登高”为主题，按照“壮阔、清雅”的风格，创作一首【七言绝句】。请直接输出诗词正文，不要解释。<|assistant|>",江上秋风万片花，扁舟乘兴去无涯。何人解与论心事，且复携君载酒家。,100.0,85.0,95.0,80.0,75.0,88.75,格式完全符合七绝，语言流畅，主题与登高相关但偏于江上泛舟，壮阔感稍弱，清雅有余而意境创新不足。,none,"{
  ""format_score"": 100,
  ""theme_score"": 85,
  ""fluency_score"": 95,
  ""style_score"": 80,
  ""creativity_score"": 75,
  ""total_score"": 87,
  ""brief_comment"": ""格式完全符合七绝，语言流畅，主题与登高相关但偏于江上泛舟，壮阔感稍弱，清雅有余而意境创新不足。"",
  ""failure_type"": ""none""
}",
S031,style_control,古寺,禅意、清雅,五言绝句,"[gMASK]<sop><|system|>
你是一名擅长中文古典诗词创作的助手。请严格遵循用户给定的主题、风格和诗体要求，只输出诗词正文。<|user|>
请以“古寺”为主题，按照“禅意、清雅”的风格，创作一首【五言绝句】。请直接输出诗词正文，不要解释。<|assistant|>",老僧本多病，又得重凄凉。破衲临风久，秋山雨暗香。,100.0,85.0,90.0,85.0,75.0,88.75,格式完全符合五绝要求，主题围绕古寺与禅意展开，语言流畅，风格清雅，但意境稍显常规，创造性一般。,none,"{
  ""format_score"": 100,
  ""theme_score"": 85,
  ""fluency_score"": 90,
  ""style_score"": 85,
  ""creativity_score"": 75,
  ""total_score"": 87,
  ""brief_comment"": ""格式完全符合五绝要求，主题围绕古寺与禅意展开，语言流畅，风格清雅，但意境稍显常规，创造性一般。"",
  ""failure_type"": ""none""
}",
S032,style_control,长安,怀古、清雅,七言绝句,"[gMASK]<sop><|system|>
你是一名擅长中文古典诗词创作的助手。请严格遵循用户给定的主题、风格和诗体要求，只输出诗词正文。<|user|>
请以“长安”为主题，按照“怀古、清雅”的风格，创作一首【七言绝句】。请直接输出诗词正文，不要解释。<|assistant|>",九重宫殿锁春烟，千岁垂杨一望连。唯有章台多离别，杏花零落雨如弦。,100.0,90.0,95.0,92.0,85.0,93.4,严格符合七绝格式，主题紧扣长安怀古，语言清雅流畅，意象古典，意境含蓄有层次，唯离别稍显直露，整体优秀。,none,"{
  ""format_score"": 100,
  ""theme_score"": 90,
  ""fluency_score"": 95,
  ""style_score"": 92,
  ""creativity_score"": 85,
  ""total_score"": 92,
  ""brief_comment"": ""严格符合七绝格式，主题紧扣长安怀古，语言清雅流畅，意象古典，意境含蓄有层次，唯离别稍显直露，整体优秀。"",
  ""failure_type"": ""none""
}",
S033,style_control,山水,空灵、清雅,五言绝句,"[gMASK]<sop><|system|>
你是一名擅长中文古典诗词创作的助手。请严格遵循用户给定的主题、风格和诗体要求，只输出诗词正文。<|user|>
请以“山水”为主题，按照“空灵、清雅”的风格，创作一首【五言绝句】。请直接输出诗词正文，不要解释。<|assistant|>",溪山清雅趣，不若丘壑幽。况复风烟外，林梢挂素秋。,100.0,95.0,100.0,95.0,85.0,96.25,严格符合五绝格式，主题紧扣山水，语言流畅典雅，空灵清雅风格突出，意境有层次，唯末句稍显常见，创造性略逊。,none,"{
  ""format_score"": 100,
  ""theme_score"": 95,
  ""fluency_score"": 100,
  ""style_score"": 95,
  ""creativity_score"": 85,
  ""total_score"": 95,
  ""brief_comment"": ""严格符合五绝格式，主题紧扣山水，语言流畅典雅，空灵清雅风格突出，意境有层次，唯末句稍显常见，创造性略逊。"",
  ""failure_type"": ""none""
}",
S034,style_control,渔舟,淡泊、清雅,七言绝句,"[gMASK]<sop><|system|>
你是一名擅长中文古典诗词创作的助手。请严格遵循用户给定的主题、风格和诗体要求，只输出诗词正文。<|user|>
请以“渔舟”为主题，按照“淡泊、清雅”的风格，创作一首【七言绝句】。请直接输出诗词正文，不要解释。<|assistant|>",渔翁晚唱碧溪歌，惊起沙鸥片雪多。淡泊不随时俗变，年年岁岁一蓑蓑。,100.0,90.0,95.0,85.0,75.0,91.0,格式完全符合七绝，主题紧扣渔舟，语言流畅，风格淡泊清雅，但末句略显直白，意境创新稍欠。,none,"{
  ""format_score"": 100,
  ""theme_score"": 90,
  ""fluency_score"": 95,
  ""style_score"": 85,
  ""creativity_score"": 75,
  ""total_score"": 89,
  ""brief_comment"": ""格式完全符合七绝，主题紧扣渔舟，语言流畅，风格淡泊清雅，但末句略显直白，意境创新稍欠。"",
  ""failure_type"": ""none""
}",
S035,style_control,美酒,旷达、清雅,五言绝句,"[gMASK]<sop><|system|>
你是一名擅长中文古典诗词创作的助手。请严格遵循用户给定的主题、风格和诗体要求，只输出诗词正文。<|user|>
请以“美酒”为主题，按照“旷达、清雅”的风格，创作一首【五言绝句】。请直接输出诗词正文，不要解释。<|assistant|>",古来豪贵家，多嗜杯中物。唯君独不饮，空酌自斟酌。,100.0,85.0,90.0,70.0,65.0,84.75,格式完全符合五言绝句，主题围绕美酒展开，语言流畅。但风格上偏于议论，旷达清雅不足，意境较平，缺乏画面感与创新。,none,"{
  ""format_score"": 100,
  ""theme_score"": 85,
  ""fluency_score"": 90,
  ""style_score"": 70,
  ""creativity_score"": 65,
  ""total_score"": 82,
  ""brief_comment"": ""格式完全符合五言绝句，主题围绕美酒展开，语言流畅。但风格上偏于议论，旷达清雅不足，意境较平，缺乏画面感与创新。"",
  ""failure_type"": ""none""
}",
S036,style_control,故人,怀念、清雅,七言绝句,"[gMASK]<sop><|system|>
你是一名擅长中文古典诗词创作的助手。请严格遵循用户给定的主题、风格和诗体要求，只输出诗词正文。<|user|>
请以“故人”为主题，按照“怀念、清雅”的风格，创作一首【七言绝句】。请直接输出诗词正文，不要解释。<|assistant|>",清雅当年共酒杯，如今何事不相陪。相思欲写相思字，泪墨淋漓在绢怀。,100.0,95.0,95.0,90.0,85.0,94.25,严格符合七绝格式，主题紧扣故人怀念，语言清雅流畅，风格统一，意境含蓄有画面感，唯“相思”重复稍显直白，创造性略逊。,none,"{
  ""format_score"": 100,
  ""theme_score"": 95,
  ""fluency_score"": 95,
  ""style_score"": 90,
  ""creativity_score"": 85,
  ""total_score"": 93,
  ""brief_comment"": ""严格符合七绝格式，主题紧扣故人怀念，语言清雅流畅，风格统一，意境含蓄有画面感，唯“相思”重复稍显直白，创造性略逊。"",
  ""failure_type"": ""none""
}",
S037,style_control,梅雪,高洁、清雅,五言绝句,"[gMASK]<sop><|system|>
你是一名擅长中文古典诗词创作的助手。请严格遵循用户给定的主题、风格和诗体要求，只输出诗词正文。<|user|>
请以“梅雪”为主题，按照“高洁、清雅”的风格，创作一首【五言绝句】。请直接输出诗词正文，不要解释。<|assistant|>",玉骨虽枯瘦，孤标却甚奇。风霜不改色，高洁故应知。,100.0,90.0,95.0,85.0,70.0,90.5,严格符合五绝格式，主题紧扣梅雪，语言流畅，风格高洁清雅，但意境稍显传统，创新不足。,none,"{
  ""format_score"": 100,
  ""theme_score"": 90,
  ""fluency_score"": 95,
  ""style_score"": 85,
  ""creativity_score"": 70,
  ""total_score"": 88,
  ""brief_comment"": ""严格符合五绝格式，主题紧扣梅雪，语言流畅，风格高洁清雅，但意境稍显传统，创新不足。"",
  ""failure_type"": ""none""
}",
S038,style_control,楼台,华丽、清雅,七言绝句,"[gMASK]<sop><|system|>
你是一名擅长中文古典诗词创作的助手。请严格遵循用户给定的主题、风格和诗体要求，只输出诗词正文。<|user|>
请以“楼台”为主题，按照“华丽、清雅”的风格，创作一首【七言绝句】。请直接输出诗词正文，不要解释。<|assistant|>",烟雨昏昏碧瓦开，乱云如絮点楼台。阑干一望秋容远，目断吴山不见来。,100.0,95.0,100.0,90.0,85.0,95.25,严格符合七绝格律，主题紧扣楼台，语言流畅典雅，风格华丽清雅兼备，意境有画面感，但末句稍显套路，创造性略逊。,none,"{
  ""format_score"": 100,
  ""theme_score"": 95,
  ""fluency_score"": 100,
  ""style_score"": 90,
  ""creativity_score"": 85,
  ""total_score"": 94,
  ""brief_comment"": ""严格符合七绝格律，主题紧扣楼台，语言流畅典雅，风格华丽清雅兼备，意境有画面感，但末句稍显套路，创造性略逊。"",
  ""failure_type"": ""none""
}",
S039,style_control,夜雨,忧思、清雅,五言绝句,"[gMASK]<sop><|system|>
你是一名擅长中文古典诗词创作的助手。请严格遵循用户给定的主题、风格和诗体要求，只输出诗词正文。<|user|>
请以“夜雨”为主题，按照“忧思、清雅”的风格，创作一首【五言绝句】。请直接输出诗词正文，不要解释。<|assistant|>",客心秋欲尽，况复夜中听。愁坐不成寐，翻阶点滴声。,100.0,95.0,100.0,95.0,85.0,96.25,严格符合五绝格式，紧扣夜雨忧思主题，语言凝练清雅，意境幽深，唯创造性稍欠新意。,none,"{
  ""format_score"": 100,
  ""theme_score"": 95,
  ""fluency_score"": 100,
  ""style_score"": 95,
  ""creativity_score"": 85,
  ""total_score"": 95,
  ""brief_comment"": ""严格符合五绝格式，紧扣夜雨忧思主题，语言凝练清雅，意境幽深，唯创造性稍欠新意。"",
  ""failure_type"": ""none""
}",
S040,style_control,远方,浪漫、清雅,七言绝句,"[gMASK]<sop><|system|>
你是一名擅长中文古典诗词创作的助手。请严格遵循用户给定的主题、风格和诗体要求，只输出诗词正文。<|user|>
请以“远方”为主题，按照“浪漫、清雅”的风格，创作一首【七言绝句】。请直接输出诗词正文，不要解释。<|assistant|>",春在江南春不还，故将诗句写青山。若教长作湖边鹤，定有清风入梦闲。,100.0,70.0,95.0,85.0,75.0,86.0,格式完全符合七绝，语言流畅清雅，有浪漫意境，但主题“远方”体现较隐晦，创造性稍显不足。,none,"{
  ""format_score"": 100,
  ""theme_score"": 70,
  ""fluency_score"": 95,
  ""style_score"": 85,
  ""creativity_score"": 75,
  ""total_score"": 85,
  ""brief_comment"": ""格式完全符合七绝，语言流畅清雅，有浪漫意境，但主题“远方”体现较隐晦，创造性稍显不足。"",
  ""failure_type"": ""none""
}",
S041,style_control,月夜,思乡、沉郁,五言绝句,"[gMASK]<sop><|system|>
你是一名擅长中文古典诗词创作的助手。请严格遵循用户给定的主题、风格和诗体要求，只输出诗词正文。<|user|>
请以“月夜”为主题，按照“思乡、沉郁”的风格，创作一首【五言绝句】。请直接输出诗词正文，不要解释。<|assistant|>",月色忽已满，霜气偏不寒。此夕故园梦，应从归路难。,100.0,95.0,100.0,95.0,85.0,96.25,严格符合五绝格式，主题紧扣月夜思乡，语言凝练沉郁，意境深远，唯“归路难”稍显常见，创造性略逊。,none,"{
  ""format_score"": 100,
  ""theme_score"": 95,
  ""fluency_score"": 100,
  ""style_score"": 95,
  ""creativity_score"": 85,
  ""total_score"": 95,
  ""brief_comment"": ""严格符合五绝格式，主题紧扣月夜思乡，语言凝练沉郁，意境深远，唯“归路难”稍显常见，创造性略逊。"",
  ""failure_type"": ""none""
}",
S042,style_control,江南,婉约、沉郁,七言绝句,"[gMASK]<sop><|system|>
你是一名擅长中文古典诗词创作的助手。请严格遵循用户给定的主题、风格和诗体要求，只输出诗词正文。<|user|>
请以“江南”为主题，按照“婉约、沉郁”的风格，创作一首【七言绝句】。请直接输出诗词正文，不要解释。<|assistant|>",一叶轻舟系柳阴，酒旗垂市欲黄昏。此心惆怅归何处，寂寞东风吹断魂。,100.0,95.0,100.0,95.0,90.0,96.75,严格符合七绝格式，主题紧扣江南，语言流畅典雅，婉约沉郁风格鲜明，意境幽深，略有新意。,none,"{
  ""format_score"": 100,
  ""theme_score"": 95,
  ""fluency_score"": 100,
  ""style_score"": 95,
  ""creativity_score"": 90,
  ""total_score"": 96,
  ""brief_comment"": ""严格符合七绝格式，主题紧扣江南，语言流畅典雅，婉约沉郁风格鲜明，意境幽深，略有新意。"",
  ""failure_type"": ""none""
}",
S043,style_control,边塞,豪迈、沉郁,五言绝句,"[gMASK]<sop><|system|>
你是一名擅长中文古典诗词创作的助手。请严格遵循用户给定的主题、风格和诗体要求，只输出诗词正文。<|user|>
请以“边塞”为主题，按照“豪迈、沉郁”的风格，创作一首【五言绝句】。请直接输出诗词正文，不要解释。<|assistant|>",古木何森然，幽居枕清渭。中有巢由人，英风凛无对。,100.0,40.0,95.0,60.0,70.0,73.0,格式完全符合五言绝句，语言流畅，但主题严重偏离'边塞'，风格偏隐逸而非豪迈沉郁。,topic_drift,"{
  ""format_score"": 100,
  ""theme_score"": 40,
  ""fluency_score"": 95,
  ""style_score"": 60,
  ""creativity_score"": 70,
  ""total_score"": 65,
  ""brief_comment"": ""格式完全符合五言绝句，语言流畅，但主题严重偏离'边塞'，风格偏隐逸而非豪迈沉郁。"",
  ""failure_type"": ""topic_drift""
}",
S044,style_control,田园,闲适、沉郁,七言绝句,"[gMASK]<sop><|system|>
你是一名擅长中文古典诗词创作的助手。请严格遵循用户给定的主题、风格和诗体要求，只输出诗词正文。<|user|>
请以“田园”为主题，按照“闲适、沉郁”的风格，创作一首【七言绝句】。请直接输出诗词正文，不要解释。<|assistant|>",闭门草草荒三径，临水依依忆故人。风雨又成今日梦，杜鹃啼落一声春。,100.0,85.0,95.0,90.0,80.0,91.25,严格符合七绝格式，语言流畅，风格沉郁，有古典意境。主题与田园相关，但更偏怀旧，闲适感稍弱。,none,"{
  ""format_score"": 100,
  ""theme_score"": 85,
  ""fluency_score"": 95,
  ""style_score"": 90,
  ""creativity_score"": 80,
  ""total_score"": 90,
  ""brief_comment"": ""严格符合七绝格式，语言流畅，风格沉郁，有古典意境。主题与田园相关，但更偏怀旧，闲适感稍弱。"",
  ""failure_type"": ""none""
}",
S045,style_control,离别,伤感、沉郁,五言绝句,"[gMASK]<sop><|system|>
你是一名擅长中文古典诗词创作的助手。请严格遵循用户给定的主题、风格和诗体要求，只输出诗词正文。<|user|>
请以“离别”为主题，按照“伤感、沉郁”的风格，创作一首【五言绝句】。请直接输出诗词正文，不要解释。<|assistant|>",离亭一分手，终天千里心。愁肠不能织，空绕暮蝉吟。,100.0,95.0,100.0,95.0,90.0,96.75,严格符合五言绝句格式，主题紧扣离别，语言凝练流畅，风格沉郁伤感，意境深远，富有画面感与情绪层次。,none,"{
  ""format_score"": 100,
  ""theme_score"": 95,
  ""fluency_score"": 100,
  ""style_score"": 95,
  ""creativity_score"": 90,
  ""total_score"": 96,
  ""brief_comment"": ""严格符合五言绝句格式，主题紧扣离别，语言凝练流畅，风格沉郁伤感，意境深远，富有画面感与情绪层次。"",
  ""failure_type"": ""none""
}",
S046,style_control,春雨,清新、沉郁,七言绝句,"[gMASK]<sop><|system|>
你是一名擅长中文古典诗词创作的助手。请严格遵循用户给定的主题、风格和诗体要求，只输出诗词正文。<|user|>
请以“春雨”为主题，按照“清新、沉郁”的风格，创作一首【七言绝句】。请直接输出诗词正文，不要解释。<|assistant|>",万顷田畴足宿根，晓来云物不销痕。清愁忽逐东风起，想见江南麦正村。,100.0,85.0,95.0,80.0,75.0,88.75,格式完全符合七绝要求，语言流畅典雅，主题与春雨相关但偏重雨后景象而非直接写雨，清新与沉郁风格均有体现但不够鲜明，意境有一定画面感但创新性一般。,none,"{
  ""format_score"": 100,
  ""theme_score"": 85,
  ""fluency_score"": 95,
  ""style_score"": 80,
  ""creativity_score"": 75,
  ""total_score"": 85,
  ""brief_comment"": ""格式完全符合七绝要求，语言流畅典雅，主题与春雨相关但偏重雨后景象而非直接写雨，清新与沉郁风格均有体现但不够鲜明，意境有一定画面感但创新性一般。"",
  ""failure_type"": ""none""
}",
S047,style_control,秋风,萧瑟、沉郁,五言绝句,"[gMASK]<sop><|system|>
你是一名擅长中文古典诗词创作的助手。请严格遵循用户给定的主题、风格和诗体要求，只输出诗词正文。<|user|>
请以“秋风”为主题，按照“萧瑟、沉郁”的风格，创作一首【五言绝句】。请直接输出诗词正文，不要解释。<|assistant|>",草木都摇落，登楼更觉哀。孤砧何处起，时杂雁来嗥。,100.0,95.0,95.0,90.0,85.0,94.25,严格符合五绝格式，紧扣秋风萧瑟主题，语言凝练流畅，风格沉郁有古意，意境画面感强，略有套语痕迹但整体优秀。,none,"{
  ""format_score"": 100,
  ""theme_score"": 95,
  ""fluency_score"": 95,
  ""style_score"": 90,
  ""creativity_score"": 85,
  ""total_score"": 93,
  ""brief_comment"": ""严格符合五绝格式，紧扣秋风萧瑟主题，语言凝练流畅，风格沉郁有古意，意境画面感强，略有套语痕迹但整体优秀。"",
  ""failure_type"": ""none""
}",
S048,style_control,冬雪,孤寂、沉郁,七言绝句,"[gMASK]<sop><|system|>
你是一名擅长中文古典诗词创作的助手。请严格遵循用户给定的主题、风格和诗体要求，只输出诗词正文。<|user|>
请以“冬雪”为主题，按照“孤寂、沉郁”的风格，创作一首【七言绝句】。请直接输出诗词正文，不要解释。<|assistant|>",山城岁暮景萧然，寒入空斋烛暗眠。尽日无人共欢笑，竹窗斜落月华圆。,100.0,90.0,95.0,85.0,80.0,91.5,严格符合七绝格式，主题明确，语言流畅，孤寂沉郁风格较到位，但末句稍显明亮，意境创造性略有不足。,none,"{
  ""format_score"": 100,
  ""theme_score"": 90,
  ""fluency_score"": 95,
  ""style_score"": 85,
  ""creativity_score"": 80,
  ""total_score"": 88,
  ""brief_comment"": ""严格符合七绝格式，主题明确，语言流畅，孤寂沉郁风格较到位，但末句稍显明亮，意境创造性略有不足。"",
  ""failure_type"": ""none""
}",
S049,style_control,中秋,团圆、沉郁,五言绝句,"[gMASK]<sop><|system|>
你是一名擅长中文古典诗词创作的助手。请严格遵循用户给定的主题、风格和诗体要求，只输出诗词正文。<|user|>
请以“中秋”为主题，按照“团圆、沉郁”的风格，创作一首【五言绝句】。请直接输出诗词正文，不要解释。<|assistant|>",人影月俱失，秋容玉不如。醉魂招不起，无复梦圆初。,100.0,85.0,95.0,90.0,80.0,91.25,严格符合五绝格式，语言凝练古雅，沉郁风格突出，但团圆主题稍隐，意境略偏孤寂。,none,"{
  ""format_score"": 100,
  ""theme_score"": 85,
  ""fluency_score"": 95,
  ""style_score"": 90,
  ""creativity_score"": 80,
  ""total_score"": 90,
  ""brief_comment"": ""严格符合五绝格式，语言凝练古雅，沉郁风格突出，但团圆主题稍隐，意境略偏孤寂。"",
  ""failure_type"": ""none""
}",
S050,style_control,登高,壮阔、沉郁,七言绝句,"[gMASK]<sop><|system|>
你是一名擅长中文古典诗词创作的助手。请严格遵循用户给定的主题、风格和诗体要求，只输出诗词正文。<|user|>
请以“登高”为主题，按照“壮阔、沉郁”的风格，创作一首【七言绝句】。请直接输出诗词正文，不要解释。<|assistant|>",江上危亭尽日看，不须乘兴独凭阑。胸中无限悲秋意，可但黄花一寸丹。,100.0,85.0,95.0,80.0,75.0,88.75,格式完全符合七绝要求，语言流畅，主题紧扣登高与悲秋，风格偏沉郁但壮阔感稍弱，意境有一定画面感但创新性一般。,none,"{
  ""format_score"": 100,
  ""theme_score"": 85,
  ""fluency_score"": 95,
  ""style_score"": 80,
  ""creativity_score"": 75,
  ""total_score"": 87,
  ""brief_comment"": ""格式完全符合七绝要求，语言流畅，主题紧扣登高与悲秋，风格偏沉郁但壮阔感稍弱，意境有一定画面感但创新性一般。"",
  ""failure_type"": ""none""
}",
S051,style_control,古寺,禅意、沉郁,五言绝句,"[gMASK]<sop><|system|>
你是一名擅长中文古典诗词创作的助手。请严格遵循用户给定的主题、风格和诗体要求，只输出诗词正文。<|user|>
请以“古寺”为主题，按照“禅意、沉郁”的风格，创作一首【五言绝句】。请直接输出诗词正文，不要解释。<|assistant|>",僧去不知年，古屋生苔藓。日暮鸟雀归，青山在深殿。,100.0,95.0,100.0,95.0,85.0,96.25,严格符合五绝格式，主题紧扣古寺，语言凝练自然，禅意沉郁风格突出，意境深远，唯创造性稍欠新意。,none,"{
  ""format_score"": 100,
  ""theme_score"": 95,
  ""fluency_score"": 100,
  ""style_score"": 95,
  ""creativity_score"": 85,
  ""total_score"": 95,
  ""brief_comment"": ""严格符合五绝格式，主题紧扣古寺，语言凝练自然，禅意沉郁风格突出，意境深远，唯创造性稍欠新意。"",
  ""failure_type"": ""none""
}",
S052,style_control,长安,怀古、沉郁,七言绝句,"[gMASK]<sop><|system|>
你是一名擅长中文古典诗词创作的助手。请严格遵循用户给定的主题、风格和诗体要求，只输出诗词正文。<|user|>
请以“长安”为主题，按照“怀古、沉郁”的风格，创作一首【七言绝句】。请直接输出诗词正文，不要解释。<|assistant|>",九原如纸字横斜，忍泪重寻旧袂沙。沉郁已无骚国恨，东篱香菊尚繁花。,100.0,65.0,95.0,85.0,70.0,84.25,格式完全符合七绝，语言流畅，风格沉郁，但主题‘长安’仅通过‘九原’间接关联，不够直接明确，意境有一定新意但稍显隐晦。,none,"{
  ""format_score"": 100,
  ""theme_score"": 65,
  ""fluency_score"": 95,
  ""style_score"": 85,
  ""creativity_score"": 70,
  ""total_score"": 83,
  ""brief_comment"": ""格式完全符合七绝，语言流畅，风格沉郁，但主题‘长安’仅通过‘九原’间接关联，不够直接明确，意境有一定新意但稍显隐晦。"",
  ""failure_type"": ""none""
}",
S053,style_control,山水,空灵、沉郁,五言绝句,"[gMASK]<sop><|system|>
你是一名擅长中文古典诗词创作的助手。请严格遵循用户给定的主题、风格和诗体要求，只输出诗词正文。<|user|>
请以“山水”为主题，按照“空灵、沉郁”的风格，创作一首【五言绝句】。请直接输出诗词正文，不要解释。<|assistant|>",林壑何潇洒，轩楹亦洒然。此身真吏隠，何必到茅山。,100.0,85.0,95.0,75.0,70.0,87.25,格式完全符合五绝，语言流畅，主题涉及山水隐逸，但风格偏闲适而非空灵沉郁，意境较平实，缺乏新意。,none,"{
  ""format_score"": 100,
  ""theme_score"": 85,
  ""fluency_score"": 95,
  ""style_score"": 75,
  ""creativity_score"": 70,
  ""total_score"": 85,
  ""brief_comment"": ""格式完全符合五绝，语言流畅，主题涉及山水隐逸，但风格偏闲适而非空灵沉郁，意境较平实，缺乏新意。"",
  ""failure_type"": ""none""
}",
S054,style_control,渔舟,淡泊、沉郁,七言绝句,"[gMASK]<sop><|system|>
你是一名擅长中文古典诗词创作的助手。请严格遵循用户给定的主题、风格和诗体要求，只输出诗词正文。<|user|>
请以“渔舟”为主题，按照“淡泊、沉郁”的风格，创作一首【七言绝句】。请直接输出诗词正文，不要解释。<|assistant|>",钓罢归来月一湾，寒波澹澹荻花闲。芦梢风怒摇晴浪，惊起沙禽飞未还。,100.0,95.0,100.0,85.0,80.0,93.75,格式完全符合七绝，主题紧扣渔舟，语言流畅。风格上淡泊有余，但沉郁不足，末句稍显直露，意境创造性中等偏上。,none,"{
  ""format_score"": 100,
  ""theme_score"": 95,
  ""fluency_score"": 100,
  ""style_score"": 85,
  ""creativity_score"": 80,
  ""total_score"": 90,
  ""brief_comment"": ""格式完全符合七绝，主题紧扣渔舟，语言流畅。风格上淡泊有余，但沉郁不足，末句稍显直露，意境创造性中等偏上。"",
  ""failure_type"": ""none""
}",
S055,style_control,美酒,旷达、沉郁,五言绝句,"[gMASK]<sop><|system|>
你是一名擅长中文古典诗词创作的助手。请严格遵循用户给定的主题、风格和诗体要求，只输出诗词正文。<|user|>
请以“美酒”为主题，按照“旷达、沉郁”的风格，创作一首【五言绝句】。请直接输出诗词正文，不要解释。<|assistant|>",举世皆沉醉，唯公独醒否。莫辞一樽酒，相劝且高歌。,100.0,90.0,95.0,85.0,80.0,91.5,严格符合五绝格式，主题紧扣美酒，语言流畅古雅。旷达风格突出，沉郁稍弱，意境有画面感但略欠新意。,none,"{
  ""format_score"": 100,
  ""theme_score"": 90,
  ""fluency_score"": 95,
  ""style_score"": 85,
  ""creativity_score"": 80,
  ""total_score"": 90,
  ""brief_comment"": ""严格符合五绝格式，主题紧扣美酒，语言流畅古雅。旷达风格突出，沉郁稍弱，意境有画面感但略欠新意。"",
  ""failure_type"": ""none""
}",
S056,style_control,故人,怀念、沉郁,七言绝句,"[gMASK]<sop><|system|>
你是一名擅长中文古典诗词创作的助手。请严格遵循用户给定的主题、风格和诗体要求，只输出诗词正文。<|user|>
请以“故人”为主题，按照“怀念、沉郁”的风格，创作一首【七言绝句】。请直接输出诗词正文，不要解释。<|assistant|>",旧友相逢问别离，白头相顾各成悲。不因今夜同欢醉，争得平生旧恨知。,100.0,95.0,100.0,95.0,85.0,96.25,严格符合七绝格式，主题紧扣故人，语言凝练流畅，风格沉郁怀旧，意境有层次，唯末句稍显直露，略欠新意。,none,"{
  ""format_score"": 100,
  ""theme_score"": 95,
  ""fluency_score"": 100,
  ""style_score"": 95,
  ""creativity_score"": 85,
  ""total_score"": 95,
  ""brief_comment"": ""严格符合七绝格式，主题紧扣故人，语言凝练流畅，风格沉郁怀旧，意境有层次，唯末句稍显直露，略欠新意。"",
  ""failure_type"": ""none""
}",
S057,style_control,梅雪,高洁、沉郁,五言绝句,"[gMASK]<sop><|system|>
你是一名擅长中文古典诗词创作的助手。请严格遵循用户给定的主题、风格和诗体要求，只输出诗词正文。<|user|>
请以“梅雪”为主题，按照“高洁、沉郁”的风格，创作一首【五言绝句】。请直接输出诗词正文，不要解释。<|assistant|>",素萼何人惜，轻英有底香。一冬无点白，春入鬓边霜。,100.0,85.0,95.0,80.0,75.0,88.75,严格符合五绝格式，语言凝练流畅，主题紧扣梅雪，风格偏沉郁，但高洁感稍弱，意境有一定新意但未达顶尖。,none,"{
  ""format_score"": 100,
  ""theme_score"": 85,
  ""fluency_score"": 95,
  ""style_score"": 80,
  ""creativity_score"": 75,
  ""total_score"": 87,
  ""brief_comment"": ""严格符合五绝格式，语言凝练流畅，主题紧扣梅雪，风格偏沉郁，但高洁感稍弱，意境有一定新意但未达顶尖。"",
  ""failure_type"": ""none""
}",
S058,style_control,楼台,华丽、沉郁,七言绝句,"[gMASK]<sop><|system|>
你是一名擅长中文古典诗词创作的助手。请严格遵循用户给定的主题、风格和诗体要求，只输出诗词正文。<|user|>
请以“楼台”为主题，按照“华丽、沉郁”的风格，创作一首【七言绝句】。请直接输出诗词正文，不要解释。<|assistant|>",楼台缥缈压江滨，城郭阴森古戍尘。惟有钟山无恙在，依然青色画麒麟。,100.0,90.0,95.0,85.0,80.0,91.5,严格符合七绝格式，主题紧扣楼台，语言流畅，风格华丽沉郁，意境有画面感，但末句稍显直白，创造性略欠。,none,"{
  ""format_score"": 100,
  ""theme_score"": 90,
  ""fluency_score"": 95,
  ""style_score"": 85,
  ""creativity_score"": 80,
  ""total_score"": 90,
  ""brief_comment"": ""严格符合七绝格式，主题紧扣楼台，语言流畅，风格华丽沉郁，意境有画面感，但末句稍显直白，创造性略欠。"",
  ""failure_type"": ""none""
}",
S059,style_control,夜雨,忧思、沉郁,五言绝句,"[gMASK]<sop><|system|>
你是一名擅长中文古典诗词创作的助手。请严格遵循用户给定的主题、风格和诗体要求，只输出诗词正文。<|user|>
请以“夜雨”为主题，按照“忧思、沉郁”的风格，创作一首【五言绝句】。请直接输出诗词正文，不要解释。<|assistant|>",一春常作客，久别更无书。半夜那知雨，空塘长碧虚。,100.0,95.0,100.0,95.0,90.0,96.75,严格符合五绝格式，主题紧扣夜雨与忧思，语言凝练古雅，意境沉郁空灵，几乎无瑕疵。,none,"{
  ""format_score"": 100,
  ""theme_score"": 95,
  ""fluency_score"": 100,
  ""style_score"": 95,
  ""creativity_score"": 90,
  ""total_score"": 96,
  ""brief_comment"": ""严格符合五绝格式，主题紧扣夜雨与忧思，语言凝练古雅，意境沉郁空灵，几乎无瑕疵。"",
  ""failure_type"": ""none""
}",
S060,style_control,远方,浪漫、沉郁,七言绝句,"[gMASK]<sop><|system|>
你是一名擅长中文古典诗词创作的助手。请严格遵循用户给定的主题、风格和诗体要求，只输出诗词正文。<|user|>
请以“远方”为主题，按照“浪漫、沉郁”的风格，创作一首【七言绝句】。请直接输出诗词正文，不要解释。<|assistant|>",遥知远水碧泠泠，中有鲈鱼食苹蓼。今我思归未得出，苦无消息使难招。,100.0,85.0,95.0,80.0,75.0,88.75,格式完全符合七绝，主题围绕远方思归，语言流畅，风格偏沉郁，但浪漫感不足，意境较传统，创新性一般。,none,"{
  ""format_score"": 100,
  ""theme_score"": 85,
  ""fluency_score"": 95,
  ""style_score"": 80,
  ""creativity_score"": 75,
  ""total_score"": 85,
  ""brief_comment"": ""格式完全符合七绝，主题围绕远方思归，语言流畅，风格偏沉郁，但浪漫感不足，意境较传统，创新性一般。"",
  ""failure_type"": ""none""
}",
S061,style_control,月夜,思乡、明快,五言绝句,"[gMASK]<sop><|system|>
你是一名擅长中文古典诗词创作的助手。请严格遵循用户给定的主题、风格和诗体要求，只输出诗词正文。<|user|>
请以“月夜”为主题，按照“思乡、明快”的风格，创作一首【五言绝句】。请直接输出诗词正文，不要解释。<|assistant|>",人影月同直，雁行星乱流。客心惊梦破，起唤小童收。,100.0,70.0,85.0,65.0,60.0,78.5,格式完全符合五言绝句，语言流畅，但主题与思乡关联较弱，风格偏沉郁而非明快，意境创新不足。,topic_drift,"{
  ""format_score"": 100,
  ""theme_score"": 70,
  ""fluency_score"": 85,
  ""style_score"": 65,
  ""creativity_score"": 60,
  ""total_score"": 72,
  ""brief_comment"": ""格式完全符合五言绝句，语言流畅，但主题与思乡关联较弱，风格偏沉郁而非明快，意境创新不足。"",
  ""failure_type"": ""topic_drift""
}",
S062,style_control,江南,婉约、明快,七言绝句,"[gMASK]<sop><|system|>
你是一名擅长中文古典诗词创作的助手。请严格遵循用户给定的主题、风格和诗体要求，只输出诗词正文。<|user|>
请以“江南”为主题，按照“婉约、明快”的风格，创作一首【七言绝句】。请直接输出诗词正文，不要解释。<|assistant|>",吴郡风光二月时，湖边杨柳亚垂丝。画船载酒春来晚，风月清欢属阿谁。,100.0,95.0,100.0,95.0,85.0,96.25,严格符合七绝格式，主题紧扣江南，语言流畅典雅，婉约明快风格鲜明，意境优美，略有套语痕迹但整体优秀。,none,"{
  ""format_score"": 100,
  ""theme_score"": 95,
  ""fluency_score"": 100,
  ""style_score"": 95,
  ""creativity_score"": 85,
  ""total_score"": 95,
  ""brief_comment"": ""严格符合七绝格式，主题紧扣江南，语言流畅典雅，婉约明快风格鲜明，意境优美，略有套语痕迹但整体优秀。"",
  ""failure_type"": ""none""
}",
S063,style_control,边塞,豪迈、明快,五言绝句,"[gMASK]<sop><|system|>
你是一名擅长中文古典诗词创作的助手。请严格遵循用户给定的主题、风格和诗体要求，只输出诗词正文。<|user|>
请以“边塞”为主题，按照“豪迈、明快”的风格，创作一首【五言绝句】。请直接输出诗词正文，不要解释。<|assistant|>",塞垣雪不飞，冰满九重围。万里平明发，全胜破敌归。,100.0,95.0,100.0,95.0,85.0,96.25,严格符合五绝格式，主题紧扣边塞，语言流畅，风格豪迈明快，意境有画面感和气势，但创造性稍显常规。,none,"{
  ""format_score"": 100,
  ""theme_score"": 95,
  ""fluency_score"": 100,
  ""style_score"": 95,
  ""creativity_score"": 85,
  ""total_score"": 95,
  ""brief_comment"": ""严格符合五绝格式，主题紧扣边塞，语言流畅，风格豪迈明快，意境有画面感和气势，但创造性稍显常规。"",
  ""failure_type"": ""none""
}",
S064,style_control,田园,闲适、明快,七言绝句,"[gMASK]<sop><|system|>
你是一名擅长中文古典诗词创作的助手。请严格遵循用户给定的主题、风格和诗体要求，只输出诗词正文。<|user|>
请以“田园”为主题，按照“闲适、明快”的风格，创作一首【七言绝句】。请直接输出诗词正文，不要解释。<|assistant|>",日午南风满地清，睡余清簟碧纱轻。起来小阁支颐坐，竹影乱书窗明快。,100.0,90.0,85.0,80.0,75.0,88.0,格式完全符合七绝，田园主题明确，闲适感较强。末句‘竹影乱书窗明快’略显生硬，节奏稍欠流畅，意境创新一般。,none,"{
  ""format_score"": 100,
  ""theme_score"": 90,
  ""fluency_score"": 85,
  ""style_score"": 80,
  ""creativity_score"": 75,
  ""total_score"": 84,
  ""brief_comment"": ""格式完全符合七绝，田园主题明确，闲适感较强。末句‘竹影乱书窗明快’略显生硬，节奏稍欠流畅，意境创新一般。"",
  ""failure_type"": ""none""
}",
S065,style_control,离别,伤感、明快,五言绝句,"[gMASK]<sop><|system|>
你是一名擅长中文古典诗词创作的助手。请严格遵循用户给定的主题、风格和诗体要求，只输出诗词正文。<|user|>
请以“离别”为主题，按照“伤感、明快”的风格，创作一首【五言绝句】。请直接输出诗词正文，不要解释。<|assistant|>",送君南浦上，明月满前溪。独坐空惆怅，寒沙度鴈低。,100.0,95.0,100.0,85.0,80.0,93.75,严格符合五绝格式，主题紧扣离别，语言流畅自然。伤感风格突出，但明快风格体现不足，意境较传统，创新性一般。,none,"{
  ""format_score"": 100,
  ""theme_score"": 95,
  ""fluency_score"": 100,
  ""style_score"": 85,
  ""creativity_score"": 80,
  ""total_score"": 90,
  ""brief_comment"": ""严格符合五绝格式，主题紧扣离别，语言流畅自然。伤感风格突出，但明快风格体现不足，意境较传统，创新性一般。"",
  ""failure_type"": ""none""
}",
S066,style_control,春雨,清新、明快,七言绝句,"[gMASK]<sop><|system|>
你是一名擅长中文古典诗词创作的助手。请严格遵循用户给定的主题、风格和诗体要求，只输出诗词正文。<|user|>
请以“春雨”为主题，按照“清新、明快”的风格，创作一首【七言绝句】。请直接输出诗词正文，不要解释。<|assistant|>",小雨霏霏作晓寒，轻风时复动花阑。平生懒爱江山景，且喜清明快病颜。,100.0,85.0,95.0,70.0,60.0,85.25,格式完全正确，主题相关，语言流畅。但风格偏沉郁，与清新明快要求有差距；意境较平，缺乏新意。,none,"{
  ""format_score"": 100,
  ""theme_score"": 85,
  ""fluency_score"": 95,
  ""style_score"": 70,
  ""creativity_score"": 60,
  ""total_score"": 82,
  ""brief_comment"": ""格式完全正确，主题相关，语言流畅。但风格偏沉郁，与清新明快要求有差距；意境较平，缺乏新意。"",
  ""failure_type"": ""none""
}",
S067,style_control,秋风,萧瑟、明快,五言绝句,"[gMASK]<sop><|system|>
你是一名擅长中文古典诗词创作的助手。请严格遵循用户给定的主题、风格和诗体要求，只输出诗词正文。<|user|>
请以“秋风”为主题，按照“萧瑟、明快”的风格，创作一首【五言绝句】。请直接输出诗词正文，不要解释。<|assistant|>",夜凉秋露重，月落晓星稀。萧瑟梧桐井，分明快掩扉。,100.0,90.0,95.0,85.0,75.0,91.0,格式完全符合五言绝句，主题紧扣秋风，语言流畅，萧瑟风格明显，但明快风格体现不足，意境较传统，创新性一般。,none,"{
  ""format_score"": 100,
  ""theme_score"": 90,
  ""fluency_score"": 95,
  ""style_score"": 85,
  ""creativity_score"": 75,
  ""total_score"": 89,
  ""brief_comment"": ""格式完全符合五言绝句，主题紧扣秋风，语言流畅，萧瑟风格明显，但明快风格体现不足，意境较传统，创新性一般。"",
  ""failure_type"": ""none""
}",
S068,style_control,冬雪,孤寂、明快,七言绝句,"[gMASK]<sop><|system|>
你是一名擅长中文古典诗词创作的助手。请严格遵循用户给定的主题、风格和诗体要求，只输出诗词正文。<|user|>
请以“冬雪”为主题，按照“孤寂、明快”的风格，创作一首【七言绝句】。请直接输出诗词正文，不要解释。<|assistant|>",北山寒云低垂地，冻合危樯欲折松。造物何心冷于铁，晓风明快见晴空。,100.0,90.0,95.0,85.0,80.0,91.5,严格符合七绝格式，主题明确，语言流畅，孤寂与明快风格均有体现，但意境创造性稍显常规。,none,"{
  ""format_score"": 100,
  ""theme_score"": 90,
  ""fluency_score"": 95,
  ""style_score"": 85,
  ""creativity_score"": 80,
  ""total_score"": 90,
  ""brief_comment"": ""严格符合七绝格式，主题明确，语言流畅，孤寂与明快风格均有体现，但意境创造性稍显常规。"",
  ""failure_type"": ""none""
}",
S069,style_control,中秋,团圆、明快,五言绝句,"[gMASK]<sop><|system|>
你是一名擅长中文古典诗词创作的助手。请严格遵循用户给定的主题、风格和诗体要求，只输出诗词正文。<|user|>
请以“中秋”为主题，按照“团圆、明快”的风格，创作一首【五言绝句】。请直接输出诗词正文，不要解释。<|assistant|>",此夕不待赏，清光已自圆。冰轮飞镜出，初夜淡婵娟。,100.0,85.0,95.0,90.0,80.0,91.25,严格符合五言绝句格式，语言凝练古雅，中秋团圆主题明确，风格明快。意境稍显常规，略有套语痕迹，但整体优秀。,none,"{
  ""format_score"": 100,
  ""theme_score"": 85,
  ""fluency_score"": 95,
  ""style_score"": 90,
  ""creativity_score"": 80,
  ""total_score"": 90,
  ""brief_comment"": ""严格符合五言绝句格式，语言凝练古雅，中秋团圆主题明确，风格明快。意境稍显常规，略有套语痕迹，但整体优秀。"",
  ""failure_type"": ""none""
}",
S070,style_control,登高,壮阔、明快,七言绝句,"[gMASK]<sop><|system|>
你是一名擅长中文古典诗词创作的助手。请严格遵循用户给定的主题、风格和诗体要求，只输出诗词正文。<|user|>
请以“登高”为主题，按照“壮阔、明快”的风格，创作一首【七言绝句】。请直接输出诗词正文，不要解释。<|assistant|>",天宇无尘秋色里，江山有助客愁端。何当一叶西风便，吹断人间万虑宽。,100.0,85.0,95.0,80.0,75.0,88.75,格式完全符合七绝，语言流畅，主题相关，但风格偏沉郁而非壮阔明快，意境创新一般。,none,"{
  ""format_score"": 100,
  ""theme_score"": 85,
  ""fluency_score"": 95,
  ""style_score"": 80,
  ""creativity_score"": 75,
  ""total_score"": 87,
  ""brief_comment"": ""格式完全符合七绝，语言流畅，主题相关，但风格偏沉郁而非壮阔明快，意境创新一般。"",
  ""failure_type"": ""none""
}",
S071,style_control,古寺,禅意、明快,五言绝句,"[gMASK]<sop><|system|>
你是一名擅长中文古典诗词创作的助手。请严格遵循用户给定的主题、风格和诗体要求，只输出诗词正文。<|user|>
请以“古寺”为主题，按照“禅意、明快”的风格，创作一首【五言绝句】。请直接输出诗词正文，不要解释。<|assistant|>",古木暗苍烟，老僧栖半间。朝昏独知律，明快发潜泉。,100.0,90.0,95.0,85.0,80.0,91.5,严格符合五绝格式，主题紧扣古寺，语言流畅自然，禅意风格明显，明快稍弱但整体意境佳。,none,"{
  ""format_score"": 100,
  ""theme_score"": 90,
  ""fluency_score"": 95,
  ""style_score"": 85,
  ""creativity_score"": 80,
  ""total_score"": 90,
  ""brief_comment"": ""严格符合五绝格式，主题紧扣古寺，语言流畅自然，禅意风格明显，明快稍弱但整体意境佳。"",
  ""failure_type"": ""none""
}",
S072,style_control,长安,怀古、明快,七言绝句,"[gMASK]<sop><|system|>
你是一名擅长中文古典诗词创作的助手。请严格遵循用户给定的主题、风格和诗体要求，只输出诗词正文。<|user|>
请以“长安”为主题，按照“怀古、明快”的风格，创作一首【七言绝句】。请直接输出诗词正文，不要解释。<|assistant|>",西风萧索似秋声，客子凄然感岁情。谁解凭高能赋咏，如君明快有余清。,100.0,40.0,95.0,70.0,60.0,74.0,格式完全符合七绝，语言流畅，但主题偏离'长安'，仅首句有秋意关联；风格偏怀古，但明快不足，意境较平淡。,topic_drift,"{
  ""format_score"": 100,
  ""theme_score"": 40,
  ""fluency_score"": 95,
  ""style_score"": 70,
  ""creativity_score"": 60,
  ""total_score"": 65,
  ""brief_comment"": ""格式完全符合七绝，语言流畅，但主题偏离'长安'，仅首句有秋意关联；风格偏怀古，但明快不足，意境较平淡。"",
  ""failure_type"": ""topic_drift""
}",
S073,style_control,山水,空灵、明快,五言绝句,"[gMASK]<sop><|system|>
你是一名擅长中文古典诗词创作的助手。请严格遵循用户给定的主题、风格和诗体要求，只输出诗词正文。<|user|>
请以“山水”为主题，按照“空灵、明快”的风格，创作一首【五言绝句】。请直接输出诗词正文，不要解释。<|assistant|>",石瘦松长处，孤舟一钓丝。湖光浑不见，只有碧云知。,100.0,95.0,100.0,95.0,90.0,96.75,严格符合五绝格式，山水主题鲜明，语言凝练自然，空灵明快风格突出，意境清幽有画面感，仅略欠新意。,none,"{
  ""format_score"": 100,
  ""theme_score"": 95,
  ""fluency_score"": 100,
  ""style_score"": 95,
  ""creativity_score"": 90,
  ""total_score"": 96,
  ""brief_comment"": ""严格符合五绝格式，山水主题鲜明，语言凝练自然，空灵明快风格突出，意境清幽有画面感，仅略欠新意。"",
  ""failure_type"": ""none""
}",
S074,style_control,渔舟,淡泊、明快,七言绝句,"[gMASK]<sop><|system|>
你是一名擅长中文古典诗词创作的助手。请严格遵循用户给定的主题、风格和诗体要求，只输出诗词正文。<|user|>
请以“渔舟”为主题，按照“淡泊、明快”的风格，创作一首【七言绝句】。请直接输出诗词正文，不要解释。<|assistant|>",淡泊无人烟水乡，芦花枫叶两相望。数声长笛如相唤，自入孤村雨意凉。,100.0,85.0,95.0,90.0,80.0,91.25,格式完全符合七绝，语言流畅，风格淡泊明快，意境有画面感，但主题相关性稍弱，渔舟意象不够突出。,none,"{
  ""format_score"": 100,
  ""theme_score"": 85,
  ""fluency_score"": 95,
  ""style_score"": 90,
  ""creativity_score"": 80,
  ""total_score"": 90,
  ""brief_comment"": ""格式完全符合七绝，语言流畅，风格淡泊明快，意境有画面感，但主题相关性稍弱，渔舟意象不够突出。"",
  ""failure_type"": ""none""
}",
S075,style_control,美酒,旷达、明快,五言绝句,"[gMASK]<sop><|system|>
你是一名擅长中文古典诗词创作的助手。请严格遵循用户给定的主题、风格和诗体要求，只输出诗词正文。<|user|>
请以“美酒”为主题，按照“旷达、明快”的风格，创作一首【五言绝句】。请直接输出诗词正文，不要解释。<|assistant|>",美酒如长物，真成小丈夫。醉乡无限趣，明快入肌肤。,100.0,90.0,95.0,85.0,80.0,91.5,格式完全符合五言绝句，主题紧扣美酒，语言流畅自然。风格上旷达明快略有体现，但“真成小丈夫”一句稍显突兀，意境创造性尚可，整体优秀。,none,"{
  ""format_score"": 100,
  ""theme_score"": 90,
  ""fluency_score"": 95,
  ""style_score"": 85,
  ""creativity_score"": 80,
  ""total_score"": 90,
  ""brief_comment"": ""格式完全符合五言绝句，主题紧扣美酒，语言流畅自然。风格上旷达明快略有体现，但“真成小丈夫”一句稍显突兀，意境创造性尚可，整体优秀。"",
  ""failure_type"": ""none""
}",
S076,style_control,故人,怀念、明快,七言绝句,"[gMASK]<sop><|system|>
你是一名擅长中文古典诗词创作的助手。请严格遵循用户给定的主题、风格和诗体要求，只输出诗词正文。<|user|>
请以“故人”为主题，按照“怀念、明快”的风格，创作一首【七言绝句】。请直接输出诗词正文，不要解释。<|assistant|>",十年不见已音稀，一夕相逢又别离。明月楼高风露冷，不堪肠断独相思。,100.0,95.0,100.0,85.0,80.0,93.75,严格符合七绝格式，主题紧扣故人重逢与离别，语言流畅，古诗风格浓郁。但风格要求为“明快”，而全诗基调偏哀婉，与明快略有出入，意境创造性尚可但稍显传统。,none,"{
  ""format_score"": 100,
  ""theme_score"": 95,
  ""fluency_score"": 100,
  ""style_score"": 85,
  ""creativity_score"": 80,
  ""total_score"": 90,
  ""brief_comment"": ""严格符合七绝格式，主题紧扣故人重逢与离别，语言流畅，古诗风格浓郁。但风格要求为“明快”，而全诗基调偏哀婉，与明快略有出入，意境创造性尚可但稍显传统。"",
  ""failure_type"": ""none""
}",
S077,style_control,梅雪,高洁、明快,五言绝句,"[gMASK]<sop><|system|>
你是一名擅长中文古典诗词创作的助手。请严格遵循用户给定的主题、风格和诗体要求，只输出诗词正文。<|user|>
请以“梅雪”为主题，按照“高洁、明快”的风格，创作一首【五言绝句】。请直接输出诗词正文，不要解释。<|assistant|>",雪后梅花发，前山月色新。何人能会此，明快两精神。,100.0,95.0,100.0,90.0,80.0,94.75,严格符合五绝格式，主题紧扣梅雪，语言流畅明快，风格高洁，意境稍显直白但整体优秀。,none,"{
  ""format_score"": 100,
  ""theme_score"": 95,
  ""fluency_score"": 100,
  ""style_score"": 90,
  ""creativity_score"": 80,
  ""total_score"": 93,
  ""brief_comment"": ""严格符合五绝格式，主题紧扣梅雪，语言流畅明快，风格高洁，意境稍显直白但整体优秀。"",
  ""failure_type"": ""none""
}",
S078,style_control,楼台,华丽、明快,七言绝句,"[gMASK]<sop><|system|>
你是一名擅长中文古典诗词创作的助手。请严格遵循用户给定的主题、风格和诗体要求，只输出诗词正文。<|user|>
请以“楼台”为主题，按照“华丽、明快”的风格，创作一首【七言绝句】。请直接输出诗词正文，不要解释。<|assistant|>",楼台重叠鬭嵯峨，天外遥看似旧过。何事此中难著脚，更堪日暮雨婆娑。,100.0,95.0,100.0,95.0,90.0,96.75,严格符合七绝格式，主题紧扣楼台，语言流畅典雅，风格华丽明快，意境有层次且新颖，近乎完美。,none,"{
  ""format_score"": 100,
  ""theme_score"": 95,
  ""fluency_score"": 100,
  ""style_score"": 95,
  ""creativity_score"": 90,
  ""total_score"": 96,
  ""brief_comment"": ""严格符合七绝格式，主题紧扣楼台，语言流畅典雅，风格华丽明快，意境有层次且新颖，近乎完美。"",
  ""failure_type"": ""none""
}",
S079,style_control,夜雨,忧思、明快,五言绝句,"[gMASK]<sop><|system|>
你是一名擅长中文古典诗词创作的助手。请严格遵循用户给定的主题、风格和诗体要求，只输出诗词正文。<|user|>
请以“夜雨”为主题，按照“忧思、明快”的风格，创作一首【五言绝句】。请直接输出诗词正文，不要解释。<|assistant|>",客枕不成寐，残灯耿欲灭。起听夜雨声，愁极自明快。,100.0,95.0,100.0,70.0,65.0,89.25,格式完全正确，主题紧扣夜雨，语言流畅。但风格要求为忧思与明快并存，末句'愁极自明快'略显生硬，未能自然融合两种情绪，意境创造性一般。,none,"{
  ""format_score"": 100,
  ""theme_score"": 95,
  ""fluency_score"": 100,
  ""style_score"": 70,
  ""creativity_score"": 65,
  ""total_score"": 86,
  ""brief_comment"": ""格式完全正确，主题紧扣夜雨，语言流畅。但风格要求为忧思与明快并存，末句'愁极自明快'略显生硬，未能自然融合两种情绪，意境创造性一般。"",
  ""failure_type"": ""none""
}",
S080,style_control,远方,浪漫、明快,七言绝句,"[gMASK]<sop><|system|>
你是一名擅长中文古典诗词创作的助手。请严格遵循用户给定的主题、风格和诗体要求，只输出诗词正文。<|user|>
请以“远方”为主题，按照“浪漫、明快”的风格，创作一首【七言绝句】。请直接输出诗词正文，不要解释。<|assistant|>",春水泱泱漾晚晖，远村无数雁行微。汀洲宿鸟知鱼美，争向芦花浅处飞。,100.0,85.0,100.0,90.0,85.0,92.75,严格符合七绝格律，语言流畅，意象明快浪漫，但“远方”主题稍显间接，意境创新度一般。,none,"{
  ""format_score"": 100,
  ""theme_score"": 85,
  ""fluency_score"": 100,
  ""style_score"": 90,
  ""creativity_score"": 85,
  ""total_score"": 92,
  ""brief_comment"": ""严格符合七绝格律，语言流畅，意象明快浪漫，但“远方”主题稍显间接，意境创新度一般。"",
  ""failure_type"": ""none""
}",
S081,style_control,月夜,思乡、苍凉,五言绝句,"[gMASK]<sop><|system|>
你是一名擅长中文古典诗词创作的助手。请严格遵循用户给定的主题、风格和诗体要求，只输出诗词正文。<|user|>
请以“月夜”为主题，按照“思乡、苍凉”的风格，创作一首【五言绝句】。请直接输出诗词正文，不要解释。<|assistant|>",老病归何处，空山古寺中。夜深人静后，风细雨苍凉。,100.0,70.0,90.0,75.0,65.0,82.0,格式完全符合五言绝句，语言流畅，有苍凉感，但主题上思乡不够突出，意境较平，缺乏新意。,none,"{
  ""format_score"": 100,
  ""theme_score"": 70,
  ""fluency_score"": 90,
  ""style_score"": 75,
  ""creativity_score"": 65,
  ""total_score"": 80,
  ""brief_comment"": ""格式完全符合五言绝句，语言流畅，有苍凉感，但主题上思乡不够突出，意境较平，缺乏新意。"",
  ""failure_type"": ""none""
}",
S082,style_control,江南,婉约、苍凉,七言绝句,"[gMASK]<sop><|system|>
你是一名擅长中文古典诗词创作的助手。请严格遵循用户给定的主题、风格和诗体要求，只输出诗词正文。<|user|>
请以“江南”为主题，按照“婉约、苍凉”的风格，创作一首【七言绝句】。请直接输出诗词正文，不要解释。<|assistant|>",风摇杨柳细烟浓，吹起湖边一片红。燕子不归人寂寞，杜鹃啼处雨蒙蒙。,100.0,90.0,95.0,85.0,80.0,91.5,格式完全符合七绝要求，主题紧扣江南，语言流畅自然。婉约风格明显，但苍凉感稍弱，意境有一定画面感，略欠新意。,none,"{
  ""format_score"": 100,
  ""theme_score"": 90,
  ""fluency_score"": 95,
  ""style_score"": 85,
  ""creativity_score"": 80,
  ""total_score"": 88,
  ""brief_comment"": ""格式完全符合七绝要求，主题紧扣江南，语言流畅自然。婉约风格明显，但苍凉感稍弱，意境有一定画面感，略欠新意。"",
  ""failure_type"": ""none""
}",
S083,style_control,边塞,豪迈、苍凉,五言绝句,"[gMASK]<sop><|system|>
你是一名擅长中文古典诗词创作的助手。请严格遵循用户给定的主题、风格和诗体要求，只输出诗词正文。<|user|>
请以“边塞”为主题，按照“豪迈、苍凉”的风格，创作一首【五言绝句】。请直接输出诗词正文，不要解释。<|assistant|>",草枯沙路迥，日暮海云黄。驱马新丰市，萧条侠客装。,100.0,85.0,95.0,80.0,75.0,88.75,格式完全符合五绝，语言流畅，边塞意象较鲜明，但豪迈苍凉感稍弱，末句略显平淡，创造性一般。,none,"{
  ""format_score"": 100,
  ""theme_score"": 85,
  ""fluency_score"": 95,
  ""style_score"": 80,
  ""creativity_score"": 75,
  ""total_score"": 87,
  ""brief_comment"": ""格式完全符合五绝，语言流畅，边塞意象较鲜明，但豪迈苍凉感稍弱，末句略显平淡，创造性一般。"",
  ""failure_type"": ""none""
}",
S084,style_control,田园,闲适、苍凉,七言绝句,"[gMASK]<sop><|system|>
你是一名擅长中文古典诗词创作的助手。请严格遵循用户给定的主题、风格和诗体要求，只输出诗词正文。<|user|>
请以“田园”为主题，按照“闲适、苍凉”的风格，创作一首【七言绝句】。请直接输出诗词正文，不要解释。<|assistant|>",村舍疏篱犬吠深，晚风残照一川秋。田家不识忧时意，醉里哦诗乐自由。,100.0,90.0,95.0,85.0,80.0,91.5,严格符合七绝格式，田园主题明确，语言流畅，闲适风格突出，但苍凉感稍弱，意境略有新意但不够深刻。,none,"{
  ""format_score"": 100,
  ""theme_score"": 90,
  ""fluency_score"": 95,
  ""style_score"": 85,
  ""creativity_score"": 80,
  ""total_score"": 90,
  ""brief_comment"": ""严格符合七绝格式，田园主题明确，语言流畅，闲适风格突出，但苍凉感稍弱，意境略有新意但不够深刻。"",
  ""failure_type"": ""none""
}",
S085,style_control,离别,伤感、苍凉,五言绝句,"[gMASK]<sop><|system|>
你是一名擅长中文古典诗词创作的助手。请严格遵循用户给定的主题、风格和诗体要求，只输出诗词正文。<|user|>
请以“离别”为主题，按照“伤感、苍凉”的风格，创作一首【五言绝句】。请直接输出诗词正文，不要解释。<|assistant|>",离亭饯行客，芳草绿芊芊。更上高楼望，伤心直至今。,100.0,90.0,95.0,85.0,75.0,91.0,格式完全符合五言绝句，主题紧扣离别，语言流畅自然。风格上伤感苍凉略有体现，但“芳草绿芊芊”偏明丽，削弱了苍凉感；意境有画面但稍显常规，创新不足。,none,"{
  ""format_score"": 100,
  ""theme_score"": 90,
  ""fluency_score"": 95,
  ""style_score"": 85,
  ""creativity_score"": 75,
  ""total_score"": 89,
  ""brief_comment"": ""格式完全符合五言绝句，主题紧扣离别，语言流畅自然。风格上伤感苍凉略有体现，但“芳草绿芊芊”偏明丽，削弱了苍凉感；意境有画面但稍显常规，创新不足。"",
  ""failure_type"": ""none""
}",
S086,style_control,春雨,清新、苍凉,七言绝句,"[gMASK]<sop><|system|>
你是一名擅长中文古典诗词创作的助手。请严格遵循用户给定的主题、风格和诗体要求，只输出诗词正文。<|user|>
请以“春雨”为主题，按照“清新、苍凉”的风格，创作一首【七言绝句】。请直接输出诗词正文，不要解释。<|assistant|>",天公著意作轻寒，万卉千葩次第开。试上小楼寻柳色，青丝笼绿暗香来。,100.0,70.0,95.0,65.0,60.0,80.5,格式完全符合七绝，语言流畅，但主题“春雨”仅首句间接关联，后三句偏春景；风格偏清新，缺乏苍凉感，意境较平，创新不足。,topic_drift,"{
  ""format_score"": 100,
  ""theme_score"": 70,
  ""fluency_score"": 95,
  ""style_score"": 65,
  ""creativity_score"": 60,
  ""total_score"": 78,
  ""brief_comment"": ""格式完全符合七绝，语言流畅，但主题“春雨”仅首句间接关联，后三句偏春景；风格偏清新，缺乏苍凉感，意境较平，创新不足。"",
  ""failure_type"": ""topic_drift""
}",
S087,style_control,秋风,萧瑟、苍凉,五言绝句,"[gMASK]<sop><|system|>
你是一名擅长中文古典诗词创作的助手。请严格遵循用户给定的主题、风格和诗体要求，只输出诗词正文。<|user|>
请以“秋风”为主题，按照“萧瑟、苍凉”的风格，创作一首【五言绝句】。请直接输出诗词正文，不要解释。<|assistant|>",雨余风肃爽，帘卷小堂空。独坐生秋思，萧萧四面风。,100.0,95.0,100.0,95.0,85.0,96.25,严格符合五绝格式，紧扣秋风萧瑟主题，语言凝练流畅，风格苍凉，意境完整，略有套语但整体优秀。,none,"{
  ""format_score"": 100,
  ""theme_score"": 95,
  ""fluency_score"": 100,
  ""style_score"": 95,
  ""creativity_score"": 85,
  ""total_score"": 95,
  ""brief_comment"": ""严格符合五绝格式，紧扣秋风萧瑟主题，语言凝练流畅，风格苍凉，意境完整，略有套语但整体优秀。"",
  ""failure_type"": ""none""
}",
S088,style_control,冬雪,孤寂、苍凉,七言绝句,"[gMASK]<sop><|system|>
你是一名擅长中文古典诗词创作的助手。请严格遵循用户给定的主题、风格和诗体要求，只输出诗词正文。<|user|>
请以“冬雪”为主题，按照“孤寂、苍凉”的风格，创作一首【七言绝句】。请直接输出诗词正文，不要解释。<|assistant|>",一簷冰柱夜将垂，一夜寒风彻晓吹。玉垒苍凉人不语，只应相对有鸱夷。,100.0,95.0,100.0,95.0,85.0,96.25,严格符合七绝格律，主题紧扣冬雪，语言凝练流畅，孤寂苍凉风格鲜明，意境深远，唯“鸱夷”典故稍显生僻，略有减分。,none,"{
  ""format_score"": 100,
  ""theme_score"": 95,
  ""fluency_score"": 100,
  ""style_score"": 95,
  ""creativity_score"": 85,
  ""total_score"": 95,
  ""brief_comment"": ""严格符合七绝格律，主题紧扣冬雪，语言凝练流畅，孤寂苍凉风格鲜明，意境深远，唯“鸱夷”典故稍显生僻，略有减分。"",
  ""failure_type"": ""none""
}",
S089,style_control,中秋,团圆、苍凉,五言绝句,"[gMASK]<sop><|system|>
你是一名擅长中文古典诗词创作的助手。请严格遵循用户给定的主题、风格和诗体要求，只输出诗词正文。<|user|>
请以“中秋”为主题，按照“团圆、苍凉”的风格，创作一首【五言绝句】。请直接输出诗词正文，不要解释。<|assistant|>",月缺终圆满，天寒复暖和。清辉千万里，吹作九秋风。,100.0,70.0,90.0,75.0,65.0,82.0,格式完全符合五绝，语言流畅，但主题上团圆与苍凉结合不够紧密，风格偏清冷而非苍凉，意境较平，缺乏新意。,none,"{
  ""format_score"": 100,
  ""theme_score"": 70,
  ""fluency_score"": 90,
  ""style_score"": 75,
  ""creativity_score"": 65,
  ""total_score"": 78,
  ""brief_comment"": ""格式完全符合五绝，语言流畅，但主题上团圆与苍凉结合不够紧密，风格偏清冷而非苍凉，意境较平，缺乏新意。"",
  ""failure_type"": ""none""
}",
S090,style_control,登高,壮阔、苍凉,七言绝句,"[gMASK]<sop><|system|>
你是一名擅长中文古典诗词创作的助手。请严格遵循用户给定的主题、风格和诗体要求，只输出诗词正文。<|user|>
请以“登高”为主题，按照“壮阔、苍凉”的风格，创作一首【七言绝句】。请直接输出诗词正文，不要解释。<|assistant|>",风卷惊涛拍海门，天容海色共黄昏。乾坤何许秋风急，吹到吴山尽处村。,100.0,90.0,95.0,92.0,85.0,93.4,严格符合七绝格式，主题紧扣登高，语言流畅，风格壮阔苍凉，意境开阔，略有套语痕迹但整体优秀。,none,"{
  ""format_score"": 100,
  ""theme_score"": 90,
  ""fluency_score"": 95,
  ""style_score"": 92,
  ""creativity_score"": 85,
  ""total_score"": 92,
  ""brief_comment"": ""严格符合七绝格式，主题紧扣登高，语言流畅，风格壮阔苍凉，意境开阔，略有套语痕迹但整体优秀。"",
  ""failure_type"": ""none""
}",
S091,style_control,古寺,禅意、苍凉,五言绝句,"[gMASK]<sop><|system|>
你是一名擅长中文古典诗词创作的助手。请严格遵循用户给定的主题、风格和诗体要求，只输出诗词正文。<|user|>
请以“古寺”为主题，按照“禅意、苍凉”的风格，创作一首【五言绝句】。请直接输出诗词正文，不要解释。<|assistant|>",松根石甃破，竹径苔花平。千载有遗事，禅意岂自轻。,100.0,85.0,95.0,90.0,80.0,91.25,严格符合五绝格式，主题紧扣古寺，禅意苍凉风格突出，语言凝练自然，意境有层次，但末句稍显直白，创造性略有不足。,none,"{
  ""format_score"": 100,
  ""theme_score"": 85,
  ""fluency_score"": 95,
  ""style_score"": 90,
  ""creativity_score"": 80,
  ""total_score"": 90,
  ""brief_comment"": ""严格符合五绝格式，主题紧扣古寺，禅意苍凉风格突出，语言凝练自然，意境有层次，但末句稍显直白，创造性略有不足。"",
  ""failure_type"": ""none""
}",
S092,style_control,长安,怀古、苍凉,七言绝句,"[gMASK]<sop><|system|>
你是一名擅长中文古典诗词创作的助手。请严格遵循用户给定的主题、风格和诗体要求，只输出诗词正文。<|user|>
请以“长安”为主题，按照“怀古、苍凉”的风格，创作一首【七言绝句】。请直接输出诗词正文，不要解释。<|assistant|>",秦王殿上坐龙髯，汉主楼前挂马衔。惆怅骊山宫里夜，金盘露滴茂陵杉。,100.0,90.0,95.0,95.0,85.0,94.0,严格符合七绝格式，紧扣长安怀古主题，意象苍凉，语言凝练，略有套用典故之嫌，但整体意境出色。,none,"{
  ""format_score"": 100,
  ""theme_score"": 90,
  ""fluency_score"": 95,
  ""style_score"": 95,
  ""creativity_score"": 85,
  ""total_score"": 93,
  ""brief_comment"": ""严格符合七绝格式，紧扣长安怀古主题，意象苍凉，语言凝练，略有套用典故之嫌，但整体意境出色。"",
  ""failure_type"": ""none""
}",
S093,style_control,山水,空灵、苍凉,五言绝句,"[gMASK]<sop><|system|>
你是一名擅长中文古典诗词创作的助手。请严格遵循用户给定的主题、风格和诗体要求，只输出诗词正文。<|user|>
请以“山水”为主题，按照“空灵、苍凉”的风格，创作一首【五言绝句】。请直接输出诗词正文，不要解释。<|assistant|>",松竹摇清韵，泉声激冷寒。孤烟时澹荡，遥见小山安。,100.0,90.0,95.0,85.0,80.0,91.5,格式完全符合五绝，主题紧扣山水，语言流畅，风格空灵苍凉，意境有画面感，但“小山安”稍显平淡，创造性略欠新意。,none,"{
  ""format_score"": 100,
  ""theme_score"": 90,
  ""fluency_score"": 95,
  ""style_score"": 85,
  ""creativity_score"": 80,
  ""total_score"": 90,
  ""brief_comment"": ""格式完全符合五绝，主题紧扣山水，语言流畅，风格空灵苍凉，意境有画面感，但“小山安”稍显平淡，创造性略欠新意。"",
  ""failure_type"": ""none""
}",
S094,style_control,渔舟,淡泊、苍凉,七言绝句,"[gMASK]<sop><|system|>
你是一名擅长中文古典诗词创作的助手。请严格遵循用户给定的主题、风格和诗体要求，只输出诗词正文。<|user|>
请以“渔舟”为主题，按照“淡泊、苍凉”的风格，创作一首【七言绝句】。请直接输出诗词正文，不要解释。<|assistant|>",寒食风光又欲晴，春流沙鸟两无情。渔舟不问闲名利，自拨青蓑傍小汀。,100.0,95.0,100.0,90.0,85.0,95.25,严格符合七绝格式，主题紧扣渔舟，语言流畅自然，风格淡泊苍凉，意境有画面感，但创造性稍显常规。,none,"{
  ""format_score"": 100,
  ""theme_score"": 95,
  ""fluency_score"": 100,
  ""style_score"": 90,
  ""creativity_score"": 85,
  ""total_score"": 94,
  ""brief_comment"": ""严格符合七绝格式，主题紧扣渔舟，语言流畅自然，风格淡泊苍凉，意境有画面感，但创造性稍显常规。"",
  ""failure_type"": ""none""
}",
S095,style_control,美酒,旷达、苍凉,五言绝句,"[gMASK]<sop><|system|>
你是一名擅长中文古典诗词创作的助手。请严格遵循用户给定的主题、风格和诗体要求，只输出诗词正文。<|user|>
请以“美酒”为主题，按照“旷达、苍凉”的风格，创作一首【五言绝句】。请直接输出诗词正文，不要解释。<|assistant|>",一酌解千愁，三杯清万虑。安得如长年，旷荡无拘检。,100.0,90.0,95.0,85.0,80.0,91.5,格式完全符合五绝，主题紧扣美酒，语言流畅，旷达风格明显，但苍凉感稍弱，意境略有套语痕迹。,none,"{
  ""format_score"": 100,
  ""theme_score"": 90,
  ""fluency_score"": 95,
  ""style_score"": 85,
  ""creativity_score"": 80,
  ""total_score"": 90,
  ""brief_comment"": ""格式完全符合五绝，主题紧扣美酒，语言流畅，旷达风格明显，但苍凉感稍弱，意境略有套语痕迹。"",
  ""failure_type"": ""none""
}",
S096,style_control,故人,怀念、苍凉,七言绝句,"[gMASK]<sop><|system|>
你是一名擅长中文古典诗词创作的助手。请严格遵循用户给定的主题、风格和诗体要求，只输出诗词正文。<|user|>
请以“故人”为主题，按照“怀念、苍凉”的风格，创作一首【七言绝句】。请直接输出诗词正文，不要解释。<|assistant|>",旧闻越女声如昔，每忆钱塘江水深。谁把琵琶写遗恨，千年遗庙隔寒林。,100.0,85.0,95.0,90.0,80.0,91.25,严格符合七绝格式，主题紧扣故人，怀旧苍凉感浓郁，语言凝练典雅，意境深远。唯“遗恨”稍显直露，创造性略欠新意。,none,"{
  ""format_score"": 100,
  ""theme_score"": 85,
  ""fluency_score"": 95,
  ""style_score"": 90,
  ""creativity_score"": 80,
  ""total_score"": 90,
  ""brief_comment"": ""严格符合七绝格式，主题紧扣故人，怀旧苍凉感浓郁，语言凝练典雅，意境深远。唯“遗恨”稍显直露，创造性略欠新意。"",
  ""failure_type"": ""none""
}",
S097,style_control,梅雪,高洁、苍凉,五言绝句,"[gMASK]<sop><|system|>
你是一名擅长中文古典诗词创作的助手。请严格遵循用户给定的主题、风格和诗体要求，只输出诗词正文。<|user|>
请以“梅雪”为主题，按照“高洁、苍凉”的风格，创作一首【五言绝句】。请直接输出诗词正文，不要解释。<|assistant|>",暗里开寒色，无人似水清。一枝斜掩户，香骨太苍凉。,100.0,95.0,100.0,95.0,90.0,96.75,严格符合五言绝句格式，紧扣梅雪主题，语言凝练流畅，高洁苍凉风格鲜明，意境深远，仅个别意象稍显常见。,none,"{
  ""format_score"": 100,
  ""theme_score"": 95,
  ""fluency_score"": 100,
  ""style_score"": 95,
  ""creativity_score"": 90,
  ""total_score"": 96,
  ""brief_comment"": ""严格符合五言绝句格式，紧扣梅雪主题，语言凝练流畅，高洁苍凉风格鲜明，意境深远，仅个别意象稍显常见。"",
  ""failure_type"": ""none""
}",
S098,style_control,楼台,华丽、苍凉,七言绝句,"[gMASK]<sop><|system|>
你是一名擅长中文古典诗词创作的助手。请严格遵循用户给定的主题、风格和诗体要求，只输出诗词正文。<|user|>
请以“楼台”为主题，按照“华丽、苍凉”的风格，创作一首【七言绝句】。请直接输出诗词正文，不要解释。<|assistant|>",落日楼台五凤城，青山无际水纵横。不须更作当时想，但看秋风卷旆旌。,100.0,95.0,100.0,95.0,85.0,96.25,严格符合七绝格式，主题紧扣楼台，语言流畅典雅，华丽与苍凉风格兼备，意境开阔，略有套语之嫌但整体优秀。,none,"{
  ""format_score"": 100,
  ""theme_score"": 95,
  ""fluency_score"": 100,
  ""style_score"": 95,
  ""creativity_score"": 85,
  ""total_score"": 95,
  ""brief_comment"": ""严格符合七绝格式，主题紧扣楼台，语言流畅典雅，华丽与苍凉风格兼备，意境开阔，略有套语之嫌但整体优秀。"",
  ""failure_type"": ""none""
}",
S099,style_control,夜雨,忧思、苍凉,五言绝句,"[gMASK]<sop><|system|>
你是一名擅长中文古典诗词创作的助手。请严格遵循用户给定的主题、风格和诗体要求，只输出诗词正文。<|user|>
请以“夜雨”为主题，按照“忧思、苍凉”的风格，创作一首【五言绝句】。请直接输出诗词正文，不要解释。<|assistant|>",残灯不欲灭，一夜复一更。愁人正难寝，况是听寒声。,100.0,95.0,100.0,95.0,85.0,96.25,严格符合五言绝句格式，主题紧扣夜雨与忧思苍凉，语言凝练自然，风格纯正，意境深沉，唯创造性稍欠新意。,none,"{
  ""format_score"": 100,
  ""theme_score"": 95,
  ""fluency_score"": 100,
  ""style_score"": 95,
  ""creativity_score"": 85,
  ""total_score"": 95,
  ""brief_comment"": ""严格符合五言绝句格式，主题紧扣夜雨与忧思苍凉，语言凝练自然，风格纯正，意境深沉，唯创造性稍欠新意。"",
  ""failure_type"": ""none""
}",
S100,style_control,远方,浪漫、苍凉,七言绝句,"[gMASK]<sop><|system|>
你是一名擅长中文古典诗词创作的助手。请严格遵循用户给定的主题、风格和诗体要求，只输出诗词正文。<|user|>
请以“远方”为主题，按照“浪漫、苍凉”的风格，创作一首【七言绝句】。请直接输出诗词正文，不要解释。<|assistant|>",小酌无嫌罍屡空，微吟何惜笔常慵。酒边兴寄方潇洒，忽听天风送晚钟。,100.0,40.0,95.0,70.0,60.0,74.0,格式完全符合七绝，语言流畅有古诗韵味，但主题'远方'体现不足，浪漫与苍凉风格均不突出，意境较平淡。,topic_drift,"{
  ""format_score"": 100,
  ""theme_score"": 40,
  ""fluency_score"": 95,
  ""style_score"": 70,
  ""creativity_score"": 60,
  ""total_score"": 65,
  ""brief_comment"": ""格式完全符合七绝，语言流畅有古诗韵味，但主题'远方'体现不足，浪漫与苍凉风格均不突出，意境较平淡。"",
  ""failure_type"": ""topic_drift""
}",
